[
  {
    "dimension": {
      "f_135804_": "minecraft",
      "f_135805_": "overworld"
    },
    "id": "91674e2c-c5e0-4ecb-be8c-dd415e644ff3",
    "ownerID": "9a0c49ec-1004-4dbe-97c5-f5c7ef8580e3",
    "pos": {
      "f_123285_": -174,
      "f_123286_": -55,
      "f_123289_": 337
    },
    "type": 0
  },
  {
    "dimension": {
      "f_135804_": "minecraft",
      "f_135805_": "overworld"
    },
    "id": "8fd89459-640f-4d79-b44b-67e137f50e12",
    "ownerID": "9a0c49ec-1004-4dbe-97c5-f5c7ef8580e3",
    "pos": {
      "f_123285_": -233,
      "f_123286_": -50,
      "f_123289_": 384
    },
    "type": 0
  },
  {
    "dimension": {
      "f_135804_": "minecraft",
      "f_135805_": "overworld"
    },
    "id": "461b68e4-4d77-47cf-b182-792477b64809",
    "ownerID": "033c7be8-cdd2-4c5f-a881-cb73dd4a108b",
    "pos": {
      "f_123285_": -990,
      "f_123286_": 109,
      "f_123289_": 87
    },
    "type": 0
  },
  {
    "dimension": {
      "f_135804_": "minecraft",
      "f_135805_": "overworld"
    },
    "id": "2d451501-497c-4f4a-88e0-a9c0e027debf",
    "ownerID": "9a0c49ec-1004-4dbe-97c5-f5c7ef8580e3",
    "pos": {
      "f_123285_": -72,
      "f_123286_": -50,
      "f_123289_": 302
    },
    "type": 0
  },
  {
    "dimension": {
      "f_135804_": "minecraft",
      "f_135805_": "overworld"
    },
    "id": "3b85c292-9a7a-49e1-8c4a-0528fc572237",
    "ownerID": "9a0c49ec-1004-4dbe-97c5-f5c7ef8580e3",
    "pos": {
      "f_123285_": -1758,
      "f_123286_": 165,
      "f_123289_": 31
    },
    "type": 0
  },
  {
    "dimension": {
      "f_135804_": "minecraft",
      "f_135805_": "overworld"
    },
    "id": "a7cc255f-b9b6-47b8-9e38-ae8f6a908ef0",
    "ownerID": "9a0c49ec-1004-4dbe-97c5-f5c7ef8580e3",
    "pos": {
      "f_123285_": 11,
      "f_123286_": 65,
      "f_123289_": -21
    },
    "type": 0
  },
  {
    "dimension": {
      "f_135804_": "minecraft",
      "f_135805_": "overworld"
    },
    "id": "6f702169-7c5b-4e67-8ad4-fb24659f1842",
    "ownerID": "9a0c49ec-1004-4dbe-97c5-f5c7ef8580e3",
    "pos": {
      "f_123285_": -220,
      "f_123286_": 68,
      "f_123289_": 306
    },
    "type": 0
  },
  {
    "dimension": {
      "f_135804_": "minecraft",
      "f_135805_": "overworld"
    },
    "id": "c6719e79-35c6-40e1-9c30-71837a4b4283",
    "ownerID": "033c7be8-cdd2-4c5f-a881-cb73dd4a108b",
    "pos": {
      "f_123285_": -1236,
      "f_123286_": 72,
      "f_123289_": -6
    },
    "type": 0
  },
  {
    "dimension": {
      "f_135804_": "minecraft",
      "f_135805_": "overworld"
    },
    "id": "fcf634e5-33be-4ad1-9246-973fcb8bcddd",
    "ownerID": "033c7be8-cdd2-4c5f-a881-cb73dd4a108b",
    "pos": {
      "f_123285_": 328,
      "f_123286_": 145,
      "f_123289_": 380
    },
    "type": 0
  },
  {
    "dimension": {
      "f_135804_": "minecraft",
      "f_135805_": "overworld"
    },
    "id": "5021d81b-5d77-44fb-83ef-ff9a566bed99",
    "ownerID": "033c7be8-cdd2-4c5f-a881-cb73dd4a108b",
    "pos": {
      "f_123285_": -179,
      "f_123286_": 69,
      "f_123289_": -35
    },
    "type": 0
  },
  {
    "dimension": {
      "f_135804_": "minecraft",
      "f_135805_": "overworld"
    },
    "id": "589f3306-013e-49d0-84b2-eebad5d405f5",
    "ownerID": "9a0c49ec-1004-4dbe-97c5-f5c7ef8580e3",
    "pos": {
      "f_123285_": -1543,
      "f_123286_": 64,
      "f_123289_": 78
    },
    "type": 0
  },
  {
    "dimension": {
      "f_135804_": "minecraft",
      "f_135805_": "overworld"
    },
    "id": "a5b78dd6-e586-4bf5-aac3-4f808f812362",
    "ownerID": "9a0c49ec-1004-4dbe-97c5-f5c7ef8580e3",
    "pos": {
      "f_123285_": -76,
      "f_123286_": -50,
      "f_123289_": 306
    },
    "type": 0
  },
  {
    "dimension": {
      "f_135804_": "minecraft",
      "f_135805_": "overworld"
    },
    "id": "ceeae053-4e55-4b83-9da9-a1c36a4dfeef",
    "ownerID": "033c7be8-cdd2-4c5f-a881-cb73dd4a108b",
    "pos": {
      "f_123285_": 170,
      "f_123286_": 69,
      "f_123289_": -2
    },
    "type": 0
  },
  {
    "dimension": {
      "f_135804_": "minecraft",
      "f_135805_": "overworld"
    },
    "id": "8017fb1e-9956-4333-a812-ec8493164a30",
    "ownerID": "033c7be8-cdd2-4c5f-a881-cb73dd4a108b",
    "pos": {
      "f_123285_": -82,
      "f_123286_": 67,
      "f_123289_": -93
    },
    "type": 0
  },
  {
    "dimension": {
      "f_135804_": "minecraft",
      "f_135805_": "overworld"
    },
    "id": "9bb5cded-41f8-4c3d-95fd-e902a37c602e",
    "ownerID": "033c7be8-cdd2-4c5f-a881-cb73dd4a108b",
    "pos": {
      "f_123285_": -58,
      "f_123286_": 68,
      "f_123289_": 8
    },
    "type": 0
  },
  {
    "dimension": {
      "f_135804_": "minecraft",
      "f_135805_": "overworld"
    },
    "id": "4ece3f4c-ac9e-4a85-893a-332de947affe",
    "ownerID": "033c7be8-cdd2-4c5f-a881-cb73dd4a108b",
    "pos": {
      "f_123285_": 230,
      "f_123286_": 72,
      "f_123289_": 188
    },
    "type": 0
  },
  {
    "dimension": {
      "f_135804_": "minecraft",
      "f_135805_": "overworld"
    },
    "id": "4442af48-aef0-44d3-b2c1-a18ce886ced2",
    "ownerID": "9a0c49ec-1004-4dbe-97c5-f5c7ef8580e3",
    "pos": {
      "f_123285_": -1154,
      "f_123286_": -42,
      "f_123289_": -48
    },
    "type": 0
  }
]