{"stats":{"minecraft:killed":{"goblintraders:goblin_trader":1},"minecraft:mined":{"forbidden_arcanus:cherry_leaf_carpet":2,"twigs:pebble":3,"minecraft:dark_oak_log":2,"forbidden_arcanus:cherry_flower_vines_plant":2,"minecraft:potted_cactus":1,"byg:cattail":1,"minecraft:red_sand":1,"minecraft:grass_block":2,"forbidden_arcanus:cherry_flower_vines":5,"galosphere:silver_ore":6,"minecraft:cobblestone":1,"minecraft:yellow_concrete_powder":1,"minecraft:sugar_cane":10,"minecraft:wall_torch":2,"atmospheric:red_arid_sand":1,"forbidden_arcanus:thin_cherry_log":8,"minecraft:yellow_wool":1,"forbidden_arcanus:cherry_leaves":1,"minecraft:grass":1,"forbidden_arcanus:cherry_log":1,"minecraft:tripwire_hook":3,"minecraft:stone":4,"atmospheric:arid_sand":3},"minecraft:used":{"minecraft:stone_pickaxe":11,"minecraft:torch":3,"minecraft:crafting_table":1,"minecraft:yellow_concrete":2,"minecraft:flower_pot":1,"minecraft:iron_axe":1,"minecraft:iron_pickaxe":20,"minecraft:tripwire_hook":4,"forbidden_arcanus:cherry_sapling":4,"alexsmobs:animal_dictionary":2,"twigs:pebble":3},"minecraft:custom":{"enigmaticlegacy:play_time_with_seven_curses":75345,"minecraft:interact_with_furnace":1,"lootr:looted_stat":22,"minecraft:mob_kills":1,"enigmaticlegacy:play_time_without_seven_curses":36016,"minecraft:interact_with_crafting_table":5,"minecraft:pot_flower":1,"minecraft:damage_dealt_resisted":0,"minecraft:leave_game":2,"minecraft:time_since_death":17959,"minecraft:climb_one_cm":3398,"minecraft:damage_resisted":0,"minecraft:time_since_rest":18120,"minecraft:sprint_one_cm":158902,"minecraft:walk_one_cm":490483,"minecraft:damage_taken":2894,"minecraft:trigger_trapped_chest":4,"minecraft:drop":47,"minecraft:damage_dealt":489,"minecraft:swim_one_cm":389,"minecraft:fly_one_cm":48984,"minecraft:open_chest":2,"minecraft:crouch_one_cm":922,"minecraft:play_time":113504,"minecraft:deaths":17,"minecraft:sneak_time":249,"minecraft:walk_under_water_one_cm":4781,"minecraft:jump":674,"minecraft:walk_on_water_one_cm":40884,"minecraft:total_world_time":113504,"minecraft:fall_one_cm":7589},"minecraft:killed_by":{"minecraft:player":1,"minecraft:skeleton":2,"minecraft:zombie":1,"minecraft:pillager":3,"minecraft:enderman":2,"enemyexpansion:direwolf":1,"majruszsdifficulty:cursed_armor":1,"undead_unleashed:shadewraith":1,"enemyexpansion:goblin":1},"minecraft:dropped":{"minecraft:sugar_cane":41,"majruszsaccessories:adventurer_kit":4,"patchouli:guide_book":1,"minecraft:bone":4},"minecraft:crafted":{"minecraft:diamond_sword":1,"minecraft:crafting_table":1,"minecraft:iron_boots":1,"minecraft:iron_chestplate":1,"minecraft:stick":4,"minecraft:iron_leggings":1,"minecraft:dark_oak_planks":4},"minecraft:picked_up":{"minecraft:flower_pot":1,"minecraft:tripwire_hook":4,"minecraft:yellow_wool":1,"forbidden_arcanus:cherry_sapling":4,"minecraft:dirt":2,"forbidden_arcanus:thin_cherry_log":8,"minecraft:item_frame":1,"minecraft:bone":2,"minecraft:cracked_stone_bricks":1,"minecraft:red_sand":1,"minecraft:spruce_planks":4,"twigs:pebble":3,"atmospheric:arid_sand":3,"galosphere:raw_silver":7,"minecraft:sugar_cane":120,"forbidden_arcanus:cherry_log":1,"knightlib:small_essence":1,"minecraft:polished_andesite_stairs":6,"patchouli:guide_book":1,"minecraft:yellow_concrete":2,"minecraft:torch":1,"undead_unleashed:grave_metal_scrap":2,"majruszsaccessories:adventurer_kit":4,"minecraft:dark_oak_log":2,"minecraft:yellow_concrete_powder":1,"atmospheric:red_arid_sand":1,"minecraft:arrow":8,"minecraft:polished_andesite":1,"minecraft:cactus":1,"alexsmobs:emu_egg":1,"minecraft:cobblestone":5}},"DataVersion":3120}