{"stats":{"minecraft:killed":{"minecraft:spider":15,"aquamirae:tortured_soul":1,"minecraft:skeleton":67,"minecraft:silverfish":3,"irons_spellbooks:summoned_skeleton":1,"enemyexpansion:ladybug":1,"enemyexpansion:tarantula":1,"iter_rpg:spiderling":2,"minecraft:creeper":5,"minecraft:pillager":13,"minecraft:zombie":46,"enemyexpansion:botfly":21,"minecraft:stray":14,"undead_unleashed:haunter":8,"whisperwoods:moth":1,"mowziesmobs:naga":9,"minecraft:vex":1,"irons_spellbooks:summoned_zombie":3,"minecraft:endermite":1,"alexsmobs:seagull":2,"minecraft:slime":29,"enemyexpansion:direwolf":1,"minecraft:phantom":2,"iter_rpg:hobgoblin":2,"enemyexpansion:goblin":2,"minecraft:husk":27,"knightquest:ratman":1,"minecraft:bat":3,"majruszsdifficulty:cursed_armor":13,"minecraft:hoglin":2,"royalvariations:royal_zombie":1,"sons_of_sins:betrayed_guzzler":1,"iter_rpg:goblin_warrior":1,"iter_rpg:giant_spider":1,"minecraft:wither_skeleton":16,"minecraft:enderman":1},"minecraft:mined":{"minecraft:dark_oak_planks":8,"minecraft:waxed_cut_copper_slab":2,"minecraft:cut_sandstone_slab":1,"minecraft:spruce_planks":2,"minecraft:mossy_stone_brick_slab":1,"minecraft:orange_stained_glass":2,"minecraft:granite":4,"minecraft:deepslate_tile_wall":5,"minecraft:grass_block":6,"minecraft:yellow_carpet":1,"minecraft:spawner":82,"minecraft:mossy_cobblestone_slab":1,"minecraft:mossy_cobblestone_stairs":3,"minecraft:fire":3,"minecraft:cave_vines":1,"minecraft:iron_bars":18,"minecraft:waxed_exposed_copper":2,"minecraft:cut_sandstone":14,"minecraft:quartz_block":2,"minecraft:cyan_terracotta":22,"minecraft:orange_terracotta":2,"minecraft:clay":7,"minecraft:cobblestone":1,"byg:soapstone":1,"minecraft:blue_terracotta":2,"minecraft:light_gray_wool":9,"minecraft:stone_brick_stairs":5,"minecraft:yellow_stained_glass_pane":1,"minecraft:grass":3,"minecraft:waxed_oxidized_copper":1,"structure_gel:dynamic_spawner":8,"atmospheric:passion_vine":2,"minecraft:netherrack":2,"minecraft:yellow_stained_glass":1,"minecraft:oak_leaves":9,"minecraft:deepslate":20,"minecraft:yellow_terracotta":3,"minecraft:dark_prismarine":21,"minecraft:tuff":2,"minecraft:mossy_cobblestone":4,"minecraft:red_stained_glass":4,"minecraft:nether_bricks":3,"minecraft:spruce_fence":1,"minecraft:sandstone":14,"minecraft:chiseled_sandstone":1,"minecraft:acacia_wood":1,"minecraft:gold_block":5,"minecraft:mossy_stone_brick_stairs":3,"minecraft:stone":6,"sophisticatedbackpacks:backpack":1,"minecraft:smithing_table":1,"twigs:pebble":2,"minecraft:gray_concrete":4,"minecraft:stone_brick_slab":1,"minecraft:oak_fence":1,"minecraft:smooth_sandstone":1,"minecraft:crafting_table":2,"minecraft:tall_grass":2,"minecraft:sculk":1,"minecraft:waxed_weathered_cut_copper_slab":1,"minecraft:trapped_chest":1,"minecraft:sea_pickle":1,"minecraft:cobweb":10,"minecraft:cracked_stone_bricks":9,"minecraft:terracotta":3,"minecraft:stone_bricks":14,"minecraft:polished_andesite":17,"minecraft:mossy_stone_bricks":3,"minecraft:fern":1},"minecraft:used":{"minecraft:moss_block":2,"minecraft:chest":1,"minecraft:shield":16,"minecraft:iron_sword":13,"undead_unleashed:grave_metal_sword":2,"simplyswords:diamond_twinblade":8,"minecraft:carrot":1,"minecraft:tuff":1,"minecraft:honey_bottle":2,"minecraft:lava_bucket":1,"minecraft:stone_bricks":5,"supplementaries:bomb_blue":2,"minecraft:written_book":12,"minecraft:potato":4,"simplyswords:dormant_relic":414,"minecraft:ender_pearl":1,"minecraft:sandstone":1,"minecraft:golden_apple":19,"minecraft:waxed_weathered_cut_copper_slab":1,"minecraft:crossbow":3,"simplyswords:mjolnir":2303,"minecraft:bread":46,"nethersdelight:hoglin_sirloin":1,"simplyswords:iron_glaive":18,"minecraft:cobweb":9,"woodworks:oak_chest":2,"minecraft:netherrack":1,"minecraft:dirt":1,"minecraft:dark_oak_planks":1,"minecraft:light_gray_wool":2,"minecraft:golden_carrot":26,"minecraft:netherite_pickaxe":109,"minecraft:acacia_wood":1,"minecraft:cooked_beef":6,"minecraft:cobbled_deepslate":2,"minecraft:enchanted_golden_apple":1,"minecraft:polished_andesite":9,"minecraft:baked_potato":19,"minecraft:waxed_exposed_copper":2,"minecraft:crafting_table":3,"minecraft:spider_eye":3,"minecraft:apple":2,"minecraft:iron_pickaxe":304,"minecraft:cobblestone":60,"minecraft:potion":3,"minecraft:bucket":1},"minecraft:custom":{"enigmaticlegacy:play_time_with_seven_curses":1073,"lootr:looted_stat":251,"minecraft:interact_with_crafting_table":18,"minecraft:leave_game":8,"minecraft:time_since_death":26133,"minecraft:damage_resisted":1160,"minecraft:sprint_one_cm":580012,"minecraft:damage_blocked_by_shield":1869,"minecraft:drop":229,"minecraft:play_time":411061,"minecraft:deaths":93,"minecraft:jump":2507,"minecraft:walk_on_water_one_cm":13880,"minecraft:interact_with_furnace":2,"minecraft:sleep_in_bed":1,"minecraft:damage_dealt":224959,"minecraft:player_kills":7,"minecraft:crouch_one_cm":74995,"minecraft:mob_kills":310,"minecraft:interact_with_anvil":3,"minecraft:damage_dealt_resisted":4173,"minecraft:climb_one_cm":12969,"minecraft:walk_one_cm":1809684,"minecraft:damage_dealt_absorbed":102,"minecraft:target_hit":3,"minecraft:sneak_time":22470,"minecraft:walk_under_water_one_cm":32897,"minecraft:interact_with_lectern":13,"minecraft:total_world_time":411061,"enigmaticlegacy:play_time_without_seven_curses":405977,"minecraft:time_since_rest":26175,"minecraft:damage_absorbed":5051,"minecraft:damage_taken":56028,"minecraft:trigger_trapped_chest":3,"minecraft:fly_one_cm":1217057,"minecraft:open_chest":39,"minecraft:aviate_one_cm":9440518,"minecraft:fall_one_cm":642538},"minecraft:broken":{"minecraft:diamond_helmet":1,"minecraft:diamond_boots":3,"minecraft:diamond_chestplate":2,"minecraft:netherite_helmet":1,"minecraft:diamond_leggings":1,"minecraft:iron_helmet":1},"minecraft:killed_by":{"knightquest:ratman":1,"royalvariations:royal_skeleton":4,"minecraft:piglin_brute":1,"minecraft:wither_skeleton":11,"minecraft:creeper":1,"minecraft:pillager":1,"enemyexpansion:huntsman":3,"minecraft:zombie":1,"alexsmobs:grizzly_bear":3,"majruszsdifficulty:cursed_armor":2,"minecraft:husk":3,"minecraft:player":6,"minecraft:spider":1,"minecraft:slime":1,"irons_spellbooks:dead_king":4,"minecraft:hoglin":2,"minecraft:skeleton":28,"minecraft:phantom":16},"minecraft:dropped":{"minecraft:iron_sword":2,"knightlib:small_essence":6,"minecraft:moss_block":3,"minecraft:diamond_axe":1,"irons_spellbooks:concentration_amulet":1,"minecraft:golden_pickaxe":1,"minecraft:glass_bottle":6,"minecraft:diamond":12,"dungeons_plus:leviathan_blade":1,"minecraft:sandstone_slab":6,"minecraft:crossbow":2,"minecraft:leather":1,"minecraft:mossy_stone_brick_stairs":2,"minecraft:cracked_stone_bricks":10,"undead_unleashed:grave_metal_scrap":5,"minecraft:cut_sandstone_slab":2,"minecraft:leather_helmet":1,"minecraft:emerald":4,"minecraft:item_frame":5,"sophisticatedbackpacks:gold_backpack":3,"minecraft:cyan_terracotta":5,"minecraft:gray_concrete":4,"relics:leather_belt":1,"minecraft:stone_button":4,"irons_spellbooks:hogskin":2,"savage_and_ravage:creeper_spores":2,"immersive_armors:wooden_leggings":2,"minecraft:cut_sandstone":46,"irons_spellbooks:arcane_essence":26,"minecraft:wooden_sword":2,"minecraft:bone_block":1,"strictly_origins:damaged_durendal":1,"minecraft:sand":2,"minecraft:iron_pickaxe":1,"immersive_armors:wooden_chestplate":1,"minecraft:gold_ingot":2,"minecraft:bone":5,"simplyswords:soulkeeper":1,"irons_spellbooks:blank_rune":1,"minecraft:golden_chestplate":2,"minecraft:cobbled_deepslate":17,"immersive_armors:wooden_boots":2,"quark:red_shard":8,"minecraft:rotten_flesh":8,"enigmaticlegacy:tattered_tome":1,"minecraft:oak_planks":41,"minecraft:enchanted_golden_apple":4,"minecraft:diamond_shovel":1,"minecraft:mossy_stone_brick_slab":1,"iter_rpg:spawner_fragment":1,"minecraft:warped_planks":2,"sophisticatedbackpacks:diamond_backpack":1,"minecraft:chainmail_chestplate":1,"minecraft:sandstone_wall":6,"minecraft:leather_chestplate":2,"supplementaries:ash":6,"undead_unleashed:grave_metal_axe":1,"mcsa:redstone_riot_leggings":1,"minecraft:beetroot_seeds":1,"aether:golden_ring":1,"apotheosis:gem":7,"minecraft:leather_boots":1,"minecraft:leather_leggings":6,"minecraft:arrow":10,"minecraft:stone_brick_stairs":5,"enigmaticlegacy:enigmatic_amulet":1,"minecraft:written_book":2,"minecraft:netherrack":1,"irons_spellbooks:cast_time_ring":1,"minecraft:enchanted_book":1,"minecraft:golden_boots":1,"minecraft:iron_ingot":8,"minecraft:golden_helmet":2,"minecraft:mossy_cobblestone":3,"majruszsaccessories:adventurer_kit":1,"minecraft:diamond_leggings":1,"minecraft:iron_helmet":1,"minecraft:cobblestone":3,"minecraft:book":3,"minecraft:granite":4,"enigmaticlegacy:magnet_ring":1,"simplyswords:gold_glaive":1,"minecraft:chainmail_helmet":1,"minecraft:yellow_carpet":2,"minecraft:coal":6,"minecraft:golden_apple":2,"alexsmobs:roadrunner_boots":1,"minecraft:polished_andesite":3,"irons_spellbooks:scroll":6,"minecraft:mossy_cobblestone_slab":1,"minecraft:torch":1,"byg:soapstone":1,"forbidden_arcanus:spawner_scrap":4,"minecraft:diamond_helmet":1,"minecraft:iron_leggings":1,"minecraft:dead_bush":1,"minecraft:mossy_cobblestone_stairs":1,"minecraft:string":25,"minecraft:chainmail_leggings":1,"minecraft:smooth_sandstone":1,"minecraft:oxidized_copper":3,"minecraft:chiseled_sandstone":18,"minecraft:stone_brick_slab":1,"minecraft:redstone":9,"minecraft:moss_carpet":2,"minecraft:coarse_dirt":1,"minecraft:stone_sword":1,"minecraft:tuff":2,"minecraft:sculk_sensor":1,"minecraft:light_gray_wool":2,"minecraft:iron_boots":1,"sophisticatedbackpacks:backpack":1,"undead_unleashed:grave_metal_sword":2,"undead_unleashed:grave_metal_boots":1,"minecraft:spruce_fence":1,"enigmaticlegacy:cursed_ring":1,"minecraft:filled_map":1,"supplementaries:quiver":1,"minecraft:shield":3,"minecraft:sea_pickle":1,"minecraft:diamond_chestplate":1,"aether:iron_gloves":2,"aether:chainmail_gloves":1,"minecraft:iron_chestplate":4,"minecraft:golden_leggings":2,"minecraft:golden_sword":1,"minecraft:spider_eye":1,"minecraft:stone_bricks":8,"minecraft:slime_ball":1,"minecraft:sandstone":6,"minecraft:blue_orchid":1,"minecraft:bow":2,"minecraft:dark_prismarine":26,"immersive_armors:wooden_helmet":1,"minecraft:nether_brick_stairs":2,"minecraft:terracotta":1},"minecraft:crafted":{"minecraft:iron_boots":1,"cisco_mod:adventurer_boots":1,"minecraft:crafting_table":2,"minecraft:iron_helmet":1,"minecraft:iron_chestplate":1,"sophisticatedbackpacks:gold_backpack":3,"woodworks:oak_chest":2,"minecraft:iron_leggings":1},"minecraft:picked_up":{"irons_spellbooks:scroll":11,"minecraft:iron_chestplate":1,"minecraft:smithing_table":1,"minecraft:wither_rose":2,"minecraft:enchanted_book":1,"minecraft:stone_brick_stairs":4,"minecraft:golden_sword":1,"minecraft:string":27,"apotheosis:epic_material":6,"minecraft:raw_copper":1,"minecraft:sea_pickle":1,"irons_spellbooks:arcane_essence":44,"minecraft:diamond_leggings":1,"minecraft:cobbled_deepslate":19,"bosses_of_mass_destruction:soul_star":4,"twigs:pebble":20,"undead_unleashed:grave_metal_sword":3,"minecraft:redstone_torch":1,"minecraft:written_book":2,"nethersdelight:hoglin_sirloin":5,"minecraft:iron_pickaxe":2,"minecraft:enchanted_golden_apple":3,"minecraft:golden_helmet":2,"minecraft:stick":4,"apotheosis:gem":14,"minecraft:magenta_concrete_powder":1,"minecraft:oak_fence":1,"minecraft:sandstone_wall":6,"minecraft:diorite":3,"enigmaticlegacy:withered_tome":2,"minecraft:warped_planks":2,"minecraft:golden_chestplate":2,"minecraft:stone_sword":1,"minecraft:rotten_flesh":21,"cisco_mod:adventurer_leggings":1,"minecraft:cyan_terracotta":19,"supplementaries:ash":125,"irons_spellbooks:copper_spell_book":1,"minecraft:cobblestone":63,"majruszsaccessories:tool_scraps":1,"atmospheric:red_arid_sandstone":8,"minecraft:magma_block":3,"minecraft:leather_chestplate":2,"minecraft:feather":3,"minecraft:golden_leggings":2,"minecraft:potato":2,"minecraft:flint":6,"minecraft:tuff":3,"minecraft:wither_skeleton_skull":1,"minecraft:gray_concrete":4,"minecraft:dirt":2,"minecraft:cut_sandstone_slab":3,"minecraft:leather_boots":2,"irons_spellbooks:hogskin":2,"minecraft:bone":79,"minecraft:bow":1,"cisco_mod:adventurer_helmet":1,"minecraft:waxed_weathered_cut_copper_slab":1,"minecraft:moss_block":5,"minecraft:oak_planks":1,"minecraft:waxed_exposed_copper":2,"irons_spellbooks:frozen_bone":29,"royalvariations:royal_bone":1,"simplyswords:mjolnir":2,"minecraft:sand":2,"minecraft:nether_brick_stairs":2,"minecraft:dark_prismarine":26,"minecraft:chiseled_sandstone":19,"minecraft:trapped_chest":1,"minecraft:mossy_cobblestone":3,"sons_of_sins:flesh_of_demise":1,"majruszsaccessories:owl_feather":1,"minecraft:polished_andesite":12,"minecraft:blue_terracotta":2,"minecraft:yellow_carpet":2,"ringsofascension:ring_strength":1,"quark:red_shard":9,"minecraft:crossbow":2,"minecraft:granite":4,"minecraft:chainmail_helmet":2,"minecraft:bread":22,"minecraft:golden_horse_armor":1,"minecraft:emerald":3,"minecraft:netherrack":2,"minecraft:diamond_pickaxe":1,"iter_rpg:spawner_fragment":11,"sophisticatedbackpacks:gold_backpack":3,"minecraft:crafting_table":2,"byg:soapstone":1,"minecraft:sandstone_slab":6,"minecraft:clay_ball":25,"minecolonies:scroll_buff":8,"minecraft:leather_leggings":6,"quark:orange_shard":2,"minecraft:gold_block":5,"enigmaticlegacy:tattered_tome":3,"minecraft:diamond_horse_armor":1,"minecraft:shield":3,"minecraft:oak_trapdoor":1,"minecraft:moss_carpet":2,"minecraft:iron_axe":1,"minecraft:wooden_sword":1,"minecraft:item_frame":5,"enigmaticaddons:forger_gem":1,"minecraft:magenta_wool":1,"minecraft:cyan_carpet":1,"minecraft:blue_orchid":1,"minecraft:cracked_stone_bricks":10,"immersive_armors:wooden_leggings":1,"minecraft:player_head":1,"minecraft:iron_nugget":1,"minecraft:light_gray_wool":7,"minecraft:chest":2,"knightlib:small_essence":25,"minecraft:sandstone":63,"minecraft:spruce_fence":1,"sophisticatedbackpacks:backpack":1,"minecraft:stone_button":4,"minecraft:carrot":18,"minecraft:dark_oak_planks":7,"minecraft:arrow":65,"minecraft:diamond_chestplate":3,"minecraft:beetroot_seeds":1,"minecraft:diamond_boots":2,"minecraft:yellow_terracotta":3,"minecraft:gold_ingot":2,"forbidden_arcanus:spawner_scrap":36,"minecraft:bone_block":1,"minecraft:air":1,"minecraft:clock":1,"minecraft:golden_carrot":14,"minecraft:leather":1,"minecraft:cut_sandstone":43,"minecraft:acacia_wood":1,"minecraft:filled_map":1,"minecraft:birch_planks":4,"minecraft:crimson_fungus":32,"savage_and_ravage:creeper_spores":2,"strictly_origins:damaged_durendal":1,"minecraft:chainmail_chestplate":1,"minecraft:golden_boots":1,"minecraft:gunpowder":6,"minecraft:smooth_sandstone":1,"minecraft:stone_bricks":13,"minecraft:iron_ingot":8,"undead_unleashed:grave_metal_boots":1,"relics:infinity_ham":1,"minecraft:glass_bottle":5,"apotheosis:gem_dust":8,"minecraft:iron_sword":1,"iter_rpg:deepslate_geode":2,"minecraft:oak_slab":1,"minecraft:gravel":44,"undead_unleashed:grave_metal_scrap":30,"minecraft:spider_eye":4,"minecraft:leather_helmet":2,"minecraft:diamond_shovel":1,"minecraft:slime_ball":22,"aether:golden_ring":1,"minecraft:chainmail_leggings":1,"minecraft:iron_helmet":1,"minecraft:diamond_axe":1,"minecraft:mossy_cobblestone_stairs":1,"minecraft:terracotta":1,"immersive_armors:wooden_boots":1,"minecraft:coal":13}},"DataVersion":3120}