{"stats":{"minecraft:used":{"minecraft:baked_potato":8,"minecraft:iron_pickaxe":83,"minecraft:sandstone":1,"minecraft:waxed_exposed_copper":2,"minecraft:waxed_weathered_cut_copper_slab":1,"simplyswords:iron_glaive":18,"simplyswords:dormant_relic":102},"minecraft:killed":{"minecraft:skeleton":1,"minecraft:pillager":1,"minecraft:zombie":1,"majruszsdifficulty:cursed_armor":4},"minecraft:picked_up":{"minecraft:oak_slab":1,"apotheosis:gem":3,"minecraft:sandstone":1,"minecraft:clock":1,"minecraft:magenta_concrete_powder":1,"minecolonies:scroll_buff":8,"minecraft:oak_fence":1,"minecraft:leather":1,"minecraft:smithing_table":1,"minecraft:sandstone_wall":2,"minecraft:shield":1,"minecraft:string":4,"minecraft:oak_trapdoor":1,"minecraft:magenta_wool":1,"minecraft:arrow":2,"minecraft:item_frame":5,"minecraft:bone":2,"minecraft:waxed_weathered_cut_copper_slab":1,"minecraft:iron_pickaxe":1,"minecraft:iron_sword":1,"forbidden_arcanus:spawner_scrap":5,"minecraft:waxed_exposed_copper":2,"iter_rpg:spawner_fragment":1,"sophisticatedbackpacks:gold_backpack":1},"minecraft:mined":{"minecraft:smithing_table":1,"twigs:pebble":2,"minecraft:waxed_weathered_cut_copper_slab":1,"minecraft:oak_fence":1,"minecraft:yellow_stained_glass_pane":1,"minecraft:grass":1,"minecraft:grass_block":6,"minecraft:waxed_exposed_copper":2,"minecraft:yellow_stained_glass":1,"minecraft:sandstone":3,"minecraft:spawner":10},"minecraft:custom":{"minecraft:damage_absorbed":952,"minecraft:time_since_rest":11033,"enigmaticlegacy:play_time_with_seven_curses":1073,"lootr:looted_stat":49,"minecraft:sprint_one_cm":26271,"minecraft:damage_taken":1218,"minecraft:walk_one_cm":164895,"minecraft:mob_kills":7,"minecraft:drop":13,"minecraft:damage_dealt":6835,"enigmaticlegacy:play_time_without_seven_curses":42537,"minecraft:fly_one_cm":116713,"minecraft:open_chest":7,"minecraft:crouch_one_cm":77,"minecraft:play_time":43689,"minecraft:deaths":2,"minecraft:sneak_time":91,"minecraft:walk_under_water_one_cm":688,"minecraft:jump":281,"minecraft:aviate_one_cm":904295,"minecraft:damage_dealt_resisted":1839,"minecraft:leave_game":1,"minecraft:walk_on_water_one_cm":294,"minecraft:time_since_death":10996,"minecraft:climb_one_cm":1439,"minecraft:total_world_time":43689,"minecraft:damage_resisted":160,"minecraft:fall_one_cm":61866},"minecraft:dropped":{"minecraft:sandstone_wall":2,"minecraft:shield":1,"minecraft:stone_sword":1,"minecraft:iron_chestplate":1,"enigmaticlegacy:tattered_tome":1,"minecraft:iron_boots":1,"minecraft:leather":1,"minecraft:iron_sword":1,"minecraft:item_frame":5},"minecraft:killed_by":{"minecraft:skeleton":1}},"DataVersion":3120}