{"stats":{"minecraft:mined":{"byg:mini_cactus":1,"byg:shrub":1},"minecraft:custom":{"minecraft:time_since_rest":14805,"enigmaticlegacy:play_time_with_seven_curses":0,"minecraft:crouch_one_cm":321,"minecraft:play_time":14805,"minecraft:sprint_one_cm":10333,"minecraft:damage_taken":210,"minecraft:walk_one_cm":39038,"minecraft:sneak_time":115,"minecraft:walk_under_water_one_cm":1918,"minecraft:drop":4,"minecraft:jump":144,"minecraft:damage_dealt":105,"minecraft:leave_game":2,"minecraft:time_since_death":14805,"minecraft:walk_on_water_one_cm":4042,"minecraft:total_world_time":14805,"enigmaticlegacy:play_time_without_seven_curses":14805,"minecraft:swim_one_cm":7225,"minecraft:fall_one_cm":836,"minecraft:fly_one_cm":21646},"minecraft:picked_up":{"byg:shrub":3,"byg:mini_cactus":1},"minecraft:dropped":{"byg:shrub":3,"byg:mini_cactus":1}},"DataVersion":3120}