{"stats":{"minecraft:custom":{"minecraft:jump":13,"minecraft:time_since_rest":8084,"enigmaticlegacy:play_time_with_seven_curses":0,"minecraft:crouch_one_cm":253,"minecraft:leave_game":1,"minecraft:sprint_one_cm":1876,"minecraft:play_time":8084,"minecraft:damage_taken":110,"minecraft:time_since_death":8084,"minecraft:walk_one_cm":2889,"minecraft:sneak_time":83,"enigmaticlegacy:play_time_without_seven_curses":8084,"minecraft:total_world_time":8084,"minecraft:fall_one_cm":209,"minecraft:fly_one_cm":1412}},"DataVersion":3120}