{"stats":{"minecraft:killed":{"irons_spellbooks:summoned_zombie":3,"minecraft:witch":1,"minecraft:spider":2,"minecraft:slime":14,"minecraft:phantom":5,"minecraft:skeleton":21,"minecraft:bee":3,"minecraft:husk":26,"minecraft:pig":1,"aquamirae:maw":1,"enemyexpansion:sprinter":1,"majruszsdifficulty:cursed_armor":4,"irons_spellbooks:necromancer":1,"royalvariations:royal_zombie":1,"minecraft:zombie":31,"enemyexpansion:botfly":11,"minecraft:stray":5,"undead_unleashed:haunter":4,"whisperwoods:moth":1,"minecraft:wither_skeleton":17,"mowziesmobs:naga":1},"minecraft:mined":{"minecraft:dark_oak_planks":1,"minecraft:candle":1,"minecraft:sculk_vein":36,"minecraft:jungle_leaves":1,"minecraft:granite":2,"minecraft:jungle_log":1,"minecraft:spawner":10,"minecraft:fire":6,"minecraft:sculk_shrieker":1,"minecraft:shroomlight":1,"minecraft:iron_bars":2,"minecraft:stone":29,"minecraft:cut_sandstone":2,"minecraft:quartz_block":2,"minecraft:cyan_terracotta":1,"minecraft:torch":2,"atmospheric:rosewood_leaves":14,"minecraft:sculk_sensor":2,"minecraft:copper_ore":1,"minecraft:cobblestone":2,"minecraft:diorite":8,"minecraft:sculk":214,"minecraft:wall_torch":11,"minecraft:grass":6,"minecraft:sand":1,"minecraft:cracked_stone_bricks":2,"minecraft:polished_andesite":1,"minecraft:stone_bricks":3,"minecraft:mossy_stone_bricks":6,"minecraft:deepslate":5,"minecraft:fern":2},"minecraft:used":{"minecraft:iron_bars":2,"minecraft:diamond_hoe":254,"minecraft:stone":9,"minecraft:iron_sword":300,"minecraft:torch":16,"minecraft:granite":2,"minecraft:dark_oak_planks":3,"minecraft:iron_helmet":1,"minecraft:iron_boots":1,"minecraft:stone_bricks":1,"minecraft:cobbled_deepslate":1,"minecraft:enchanted_golden_apple":1,"minecraft:mossy_stone_bricks":4,"minecraft:baked_potato":8,"minecraft:leather_chestplate":1,"minecraft:cracked_stone_bricks":3,"minecraft:golden_apple":22,"minecraft:crafting_table":2,"enigmaticaddons:void_tome":1,"minecraft:crossbow":33,"minecraft:diamond_pickaxe":57,"minecraft:bread":1,"minecraft:iron_pickaxe":19,"alexsmobs:tendon_whip":86,"minecraft:potion":1,"minecraft:candle":4,"minecraft:experience_bottle":1},"minecraft:custom":{"enigmaticlegacy:play_time_with_seven_curses":0,"lootr:looted_stat":143,"minecraft:mob_kills":172,"minecraft:interact_with_crafting_table":7,"minecraft:damage_dealt_resisted":1599,"minecraft:leave_game":4,"minecraft:time_since_death":1369,"minecraft:damage_resisted":313,"minecraft:climb_one_cm":11123,"minecraft:sprint_one_cm":360475,"minecraft:walk_one_cm":1055944,"minecraft:drop":244,"minecraft:damage_dealt_absorbed":80,"minecraft:talked_to_villager":1,"minecraft:play_time":319150,"minecraft:deaths":69,"minecraft:sneak_time":27431,"minecraft:walk_under_water_one_cm":18093,"minecraft:interact_with_lectern":2,"minecraft:jump":2876,"minecraft:walk_on_water_one_cm":38574,"minecraft:total_world_time":319150,"enigmaticlegacy:play_time_without_seven_curses":315914,"minecraft:sleep_in_bed":2,"minecraft:time_since_rest":1402,"minecraft:damage_taken":42309,"minecraft:damage_absorbed":2400,"minecraft:damage_dealt":95040,"minecraft:swim_one_cm":33658,"minecraft:fly_one_cm":688958,"minecraft:player_kills":13,"minecraft:open_chest":10,"minecraft:crouch_one_cm":117018,"minecraft:horse_one_cm":2921,"minecraft:fall_one_cm":260944},"minecraft:broken":{"alexsmobs:tendon_whip":1,"minecraft:diamond_helmet":1,"minecraft:iron_boots":1,"minecraft:diamond_leggings":2,"minecraft:diamond_boots":1,"mcsa:golden_goliath_circuitry_chestplate":1},"minecraft:killed_by":{"minecraft:player":3,"minecraft:wither_skeleton":13,"enemyexpansion:huntsman":2,"enemyexpansion:sprinter":1,"irons_spellbooks:necromancer":1,"irons_spellbooks:dead_king":5,"minecraft:skeleton":16,"minecraft:phantom":14,"minecraft:zombie":5,"alexsmobs:grizzly_bear":1,"aquamirae:tortured_soul":1},"minecraft:dropped":{"minecraft:iron_ingot":8,"minecraft:bread":22,"minecraft:iron_sword":2,"minecraft:acacia_wood":1,"knightlib:small_essence":12,"minecraft:birch_planks":1,"minecraft:moss_block":1,"minecraft:golden_helmet":2,"minecraft:cyan_glazed_terracotta":1,"ars_elemental:yellow_archwood_sapling":1,"minecraft:baked_potato":1,"farmersdelight:skillet":1,"minecraft:glass_bottle":4,"enigmaticaddons:forger_gem":1,"majruszsaccessories:adventurer_kit":1,"minecraft:crossbow":2,"minecraft:iron_helmet":4,"minecraft:cobblestone":33,"relics:infinity_ham":1,"minecraft:cracked_stone_bricks":14,"undead_unleashed:grave_metal_scrap":19,"minecraft:cut_sandstone_slab":2,"apotheosis:epic_material":1,"minecraft:chainmail_helmet":1,"minecraft:emerald":4,"minecraft:golden_apple":2,"minecraft:polished_andesite":1,"sophisticatedbackpacks:gold_backpack":2,"minecraft:diamond_horse_armor":1,"irons_spellbooks:scroll":12,"minecraft:dirt":6,"minecraft:mossy_cobblestone_slab":2,"minecraft:diorite":8,"minecraft:golden_carrot":14,"immersive_armors:wooden_leggings":1,"ringsofascension:ring_strength":1,"byg:soapstone":1,"minecraft:cut_sandstone":12,"forbidden_arcanus:spawner_scrap":4,"minecraft:iron_leggings":1,"irons_spellbooks:arcane_essence":44,"minecraft:wooden_sword":1,"minecraft:wither_rose":2,"strictly_origins:damaged_durendal":1,"minecraft:iron_axe":1,"minecraft:iron_pickaxe":1,"minecraft:mossy_cobblestone_stairs":1,"immersive_armors:wooden_chestplate":1,"minecraft:chainmail_leggings":1,"minecraft:string":7,"minecraft:gold_ingot":2,"twigs:twig":1,"ars_nouveau:caster_tome":1,"minecraft:bone":32,"enigmaticlegacy:withered_tome":5,"minecraft:redstone":1,"minecraft:crimson_fungus":32,"minecraft:cobbled_deepslate":4,"minecraft:raw_copper":17,"minecraft:tuff":3,"immersive_armors:wooden_boots":1,"minecraft:rotten_flesh":59,"minecraft:light_gray_wool":2,"minecraft:iron_boots":3,"enigmaticlegacy:tattered_tome":9,"minecraft:mossy_stone_brick_slab":3,"iter_rpg:spawner_fragment":1,"majruszsaccessories:certificate_of_taming":1,"minecraft:name_tag":1,"undead_unleashed:grave_metal_sword":3,"minecraft:carrot":17,"atmospheric:red_arid_sandstone":64,"minecraft:chainmail_chestplate":1,"iter_rpg:abyssquartz_shard":1,"minecraft:filled_map":2,"minecraft:leather_chestplate":1,"minecraft:shroomlight":2,"minecraft:shield":3,"aquamirae:fin":1,"minecraft:gunpowder":2,"aether:iron_gloves":3,"aether:chainmail_gloves":2,"minecraft:diamond_chestplate":3,"aether:diamond_gloves":1,"minecraft:diamond_pickaxe":1,"minecraft:quartz_block":3,"minecraft:jungle_log":1,"minecraft:mossy_stone_bricks":3,"minecraft:chainmail_boots":1,"apotheosis:gem":5,"minecraft:leather_boots":2,"minecraft:ladder":2,"minecraft:golden_sword":1,"minecraft:leather_leggings":1,"simplyswords:mjolnir":1,"minecraft:stone_bricks":15,"minecraft:brown_candle":2,"minecraft:diamond_boots":1,"minecraft:slime_ball":17,"minecraft:sandstone":4,"minecraft:iron_bars":2,"minecraft:arrow":13,"minecraft:bow":1,"minecraft:dark_prismarine":13,"aquamirae:sharp_bones":1,"minecraft:stone_brick_stairs":8,"minecraft:golden_boots":2,"minecraft:netherrack":2,"immersive_armors:wooden_helmet":1,"minecraft:nether_brick_stairs":4,"apotheosis:gem_dust":1},"minecraft:crafted":{"sophisticatedbackpacks:iron_backpack":1,"minecraft:crafting_table":1},"minecraft:picked_up":{"irons_spellbooks:scroll":9,"sophisticatedbackpacks:gold_backpack":2,"ars_nouveau:caster_tome":1,"byg:soapstone":1,"minecraft:chainmail_boots":1,"minecraft:ladder":2,"minecraft:leather_leggings":1,"aether:iron_gloves":2,"minecraft:wither_rose":2,"minecraft:diamond_horse_armor":1,"enigmaticlegacy:tattered_tome":2,"minecraft:stone_brick_stairs":8,"minecraft:shield":3,"minecraft:golden_sword":1,"aquamirae:sharp_bones":1,"minecraft:string":10,"apotheosis:epic_material":3,"minecraft:raw_copper":15,"minecraft:netherite_scrap":2,"minecraft:iron_leggings":1,"minecraft:experience_bottle":2,"minecraft:shroomlight":1,"minecraft:cracked_stone_bricks":14,"irons_spellbooks:arcane_essence":44,"minecraft:diamond_leggings":1,"minecraft:candle":4,"minecraft:cobbled_deepslate":5,"bosses_of_mass_destruction:soul_star":2,"undead_unleashed:grave_metal_sword":3,"minecraft:written_book":1,"minecraft:iron_pickaxe":2,"minecraft:light_gray_wool":2,"minecraft:enchanted_golden_apple":1,"farmersdelight:golden_knife":1,"twilightforest:arctic_leggings":1,"minecraft:iron_boots":3,"knightlib:small_essence":16,"minecraft:tipped_arrow":14,"minecraft:golden_helmet":2,"apotheosis:rare_material":5,"minecraft:sandstone":4,"apotheosis:gem":11,"minecraft:torch":12,"ars_nouveau:split_arrow":31,"minecraft:carrot":19,"minecraft:dark_oak_planks":3,"minecraft:quartz_block":3,"minecraft:diamond_chestplate":2,"minecraft:arrow":30,"minecraft:rotten_flesh":61,"aether:chainmail_gloves":1,"minecraft:diamond_boots":1,"minecraft:gold_ingot":4,"irons_spellbooks:copper_spell_book":1,"supplementaries:ash":2,"minecraft:obsidian":3,"minecraft:iron_bars":4,"forbidden_arcanus:spawner_scrap":6,"minecraft:cobblestone":50,"majruszsaccessories:tool_scraps":2,"atmospheric:red_arid_sandstone":64,"minecraft:mossy_cobblestone_slab":2,"minecraft:leather_chestplate":2,"minecraft:air":2,"minecraft:golden_carrot":14,"minecraft:jungle_log":1,"minecraft:cut_sandstone":10,"minecraft:acacia_wood":1,"minecraft:filled_map":1,"minecraft:birch_planks":1,"majruszsaccessories:certificate_of_taming":2,"minecraft:crimson_fungus":32,"minecraft:tuff":3,"ars_elemental:yellow_archwood_sapling":1,"strictly_origins:damaged_durendal":1,"minecraft:chainmail_chestplate":1,"minecraft:golden_boots":2,"minecraft:gunpowder":2,"minecraft:wither_skeleton_skull":1,"minecraft:dirt":6,"minecraft:cut_sandstone_slab":2,"enigmaticlegacy:common_potion":1,"minecraft:brown_candle":2,"aquamirae:fin":1,"minecraft:name_tag":1,"minecraft:leather_boots":2,"minecraft:bone":32,"minecraft:stone_bricks":14,"minecraft:iron_ingot":2,"undead_unleashed:grave_metal_boots":1,"twigs:twig":1,"minecraft:mossy_stone_bricks":4,"minecraft:diamond_helmet":1,"minecraft:glass_bottle":3,"apotheosis:mythic_material":1,"minecraft:moss_block":1,"apotheosis:gem_dust":4,"minecraft:iron_sword":3,"minecraft:oak_planks":21,"irons_spellbooks:frozen_bone":17,"simplyswords:mjolnir":1,"undead_unleashed:grave_metal_scrap":24,"minecraft:nether_brick_stairs":4,"minecraft:mossy_stone_brick_slab":3,"minecraft:leather_helmet":1,"minecraft:dark_prismarine":13,"minecraft:slime_ball":17,"ringsofascension:ring_strength":1,"minecraft:chainmail_leggings":1,"iter_rpg:abyssquartz_shard":1,"minecraft:granite":2,"minecraft:iron_helmet":2,"minecraft:crossbow":2,"minecraft:diamond_axe":1,"minecraft:golden_apple":2,"minecraft:mossy_cobblestone_stairs":1,"minecraft:chainmail_helmet":1,"minecraft:bread":22,"minecraft:emerald":4,"minecraft:baked_potato":2,"minecraft:netherrack":2,"cisco_mod:brightsteel_ingot":1,"minecraft:coal":2,"iter_rpg:spawner_fragment":6}},"DataVersion":3120}