{"stats":{"minecraft:broken":{"majruszsdifficulty:tattered_leggings":1,"minecraft:chainmail_helmet":1,"minecraft:chainmail_boots":1},"minecraft:used":{"atmospheric:barrel_cactus":3,"minecraft:apple":4,"minecraft:bread":1,"minecraft:iron_pickaxe":3,"simplyswords:soulkeeper":108,"minecraft:iron_sword":4,"minecraft:golden_apple":1,"minecraft:enchanted_golden_apple":1},"minecraft:killed":{"minecraft:skeleton":15,"minecraft:drowned":1},"minecraft:mined":{"byg:blooming_aloe_vera":1,"byg:cattail":2,"minecraft:yellow_stained_glass_pane":1,"minecraft:jungle_planks":8,"minecraft:yellow_stained_glass":1,"minecraft:spawner":3},"minecraft:custom":{"minecraft:time_since_rest":1022,"enigmaticlegacy:play_time_with_seven_curses":0,"minecraft:walk_one_cm":84603,"lootr:looted_stat":18,"minecraft:sprint_one_cm":117830,"minecraft:damage_taken":4138,"minecraft:damage_absorbed":1877,"minecraft:mob_kills":17,"minecraft:drop":27,"minecraft:damage_dealt":7394,"enigmaticlegacy:play_time_without_seven_curses":30731,"minecraft:interact_with_crafting_table":3,"minecraft:swim_one_cm":2405,"minecraft:fly_one_cm":63283,"minecraft:crouch_one_cm":22490,"minecraft:play_time":31117,"minecraft:deaths":11,"minecraft:sneak_time":3527,"minecraft:walk_under_water_one_cm":491,"minecraft:damage_dealt_resisted":466,"minecraft:jump":265,"minecraft:leave_game":2,"minecraft:time_since_death":994,"minecraft:walk_on_water_one_cm":1641,"minecraft:total_world_time":31117,"minecraft:damage_resisted":2939,"minecraft:fall_one_cm":27365},"minecraft:picked_up":{"majruszsaccessories:tool_scraps":1,"minecraft:wheat":12,"minecraft:chainmail_boots":1,"minecraft:clay_ball":1,"byg:cattail_sprout":5,"enigmaticlegacy:iron_ring":1,"aether:iron_gloves":1,"enigmaticlegacy:tattered_tome":1,"minecraft:jungle_planks":8,"undead_unleashed:grave_metal_scrap":24,"minecraft:trident":1,"minecraft:gunpowder":24,"byg:aloe_vera":12,"minecraft:bone":16,"minecraft:arrow":22,"quark:yellow_shard":4,"minecraft:stone_sword":1,"atmospheric:barrel_cactus":3,"ringsofascension:ring_jump_boost":1,"minecraft:saddle":1,"minecraft:iron_pickaxe":1,"forbidden_arcanus:spawner_scrap":4,"iter_rpg:spawner_fragment":1,"knightlib:small_essence":5,"minecraft:ender_pearl":1},"minecraft:dropped":{"byg:cattail_sprout":5,"minecraft:iron_sword":1,"farmersdelight:golden_knife":1,"minecraft:gunpowder":24,"aether:iron_gloves":1,"minecraft:stone_sword":1,"minecraft:ender_pearl":1,"minecraft:iron_chestplate":2,"minecraft:beetroot_seeds":4,"minecraft:wheat":24,"ringsofascension:ring_jump_boost":1,"minecraft:chainmail_boots":1,"minecraft:dead_bush":2,"minecraft:gold_nugget":8,"minecraft:clay_ball":2,"minecraft:leather":1,"minecraft:apple":6,"minecraft:bow":1,"minecraft:cactus":8,"minecraft:saddle":2,"enigmaticlegacy:iron_ring":1,"undead_unleashed:grave_metal_scrap":1},"minecraft:killed_by":{"minecraft:player":2,"minecraft:skeleton":6,"minecraft:pillager":1}},"DataVersion":3120}