{"stats":{"minecraft:killed":{"enemyexpansion:equestrian":2,"minecraft:skeleton":46,"minecraft:silverfish":1,"irons_spellbooks:summoned_skeleton":1,"minecraft:creeper":1,"minecraft:pillager":3,"minecraft:zombie":48,"enemyexpansion:botfly":17,"minecraft:stray":4,"undead_unleashed:haunter":4,"irons_spellbooks:summoned_zombie":1,"minecraft:slime":1,"minecraft:drowned":1,"enemyexpansion:goblin":1,"minecraft:husk":6,"minecraft:bat":1,"enemyexpansion:sprinter":1,"majruszsdifficulty:cursed_armor":8,"minecraft:enderman":1},"minecraft:mined":{"ecologics:surface_moss":1,"byg:cattail":2,"minecraft:cave_vines_plant":1,"minecraft:granite":69,"minecraft:grass_block":30,"minecraft:spawner":17,"minecraft:sculk_catalyst":1,"forbidden_arcanus:thin_cherry_log":1,"minecraft:fire":3,"minecraft:cave_vines":2,"minecraft:sculk_shrieker":1,"minecraft:iron_bars":4,"atmospheric:red_arid_sandstone":2,"atmospheric:arid_sand":92,"minecraft:tripwire":2,"minecraft:cut_sandstone":14,"byg:white_sand":28,"atmospheric:arid_sandstone":1,"minecraft:red_bed":1,"supplementaries:book_pile":1,"galosphere:silver_ore":2,"minecraft:glass":4,"minecraft:cobblestone":115,"minecraft:wall_torch":2,"byg:soapstone":5,"minecraft:smooth_stone_slab":3,"minecraft:yellow_stained_glass_pane":1,"minecraft:grass":7,"forbidden_arcanus:cherry_log":1,"minecraft:sand":16,"minecraft:dirt":12,"minecraft:sandstone_wall":2,"structure_gel:dynamic_spawner":1,"minecraft:tripwire_hook":1,"minecraft:yellow_stained_glass":2,"minecraft:deepslate":13,"minecraft:red_carpet":1,"minecraft:tuff":1,"minecraft:deepslate_diamond_ore":7,"minecraft:nether_bricks":1,"minecraft:jungle_planks":8,"minecraft:redstone_wire":1,"minecraft:moss_block":3,"minecraft:sandstone":17,"minecraft:crimson_stem":1,"atmospheric:red_arid_sand":38,"minecraft:chiseled_sandstone":2,"minecraft:acacia_wood":2,"minecraft:acacia_stairs":1,"minecraft:orange_stained_glass_pane":1,"minecraft:andesite":36,"minecraft:shroomlight":3,"minecraft:stone":315,"minecraft:scaffolding":1,"minecraft:gray_concrete":2,"ars_nouveau:green_archwood_log":38,"minecraft:smooth_sandstone":2,"minecraft:crafting_table":1,"minecraft:sculk_sensor":5,"minecraft:tall_grass":1,"minecraft:diorite":69,"minecraft:sculk":2,"ars_nouveau:blue_archwood_leaves":13,"supplementaries:urn":2,"minecraft:lime_bed":1,"ars_nouveau:blue_archwood_log":3,"byg:blooming_aloe_vera":1,"iter_rpg:abyss_quartz":1,"minecraft:gravel":1,"minecraft:cyan_carpet":1,"minecraft:cobweb":4,"minecraft:cracked_stone_bricks":3,"minecraft:terracotta":3,"minecraft:acacia_planks":5,"minecraft:stripped_acacia_wood":12,"minecraft:polished_andesite":1,"minecraft:stone_bricks":5,"minecraft:dark_oak_planks":16},"minecraft:used":{"quark:ancient_tome":1,"minecraft:iron_sword":4,"minecraft:rotten_flesh":9,"minecraft:iron_chestplate":1,"minecraft:nether_bricks":1,"sophisticatedbackpacks:diamond_backpack":3,"minecraft:glass":76,"ars_nouveau:green_archwood_sapling":1,"minecraft:golden_sword":3,"minecraft:bow":42,"supplementaries:ash":1,"minecraft:diorite":3,"ars_nouveau:blue_archwood_sapling":4,"minecraft:sandstone":1,"minecraft:golden_apple":22,"minecraft:crossbow":4,"simplyswords:mjolnir":1,"sophisticatedbackpacks:backpack":4,"atmospheric:barrel_cactus":3,"minecraft:bread":35,"minecraft:cyan_carpet":1,"minecraft:wooden_sword":4,"minecraft:bone_meal":8,"minecraft:golden_pickaxe":32,"ironfurnaces:gold_furnace":2,"minecraft:torch":9,"minecraft:dirt":30,"minecraft:granite":68,"minecraft:shroomlight":1,"minecraft:iron_hoe":7,"minecraft:dark_oak_planks":7,"minecraft:iron_axe":39,"minecraft:smooth_sandstone":1,"minecraft:golden_carrot":8,"ironchest:gold_chest":4,"minecraft:cooked_beef":7,"minecraft:acacia_planks":35,"minecraft:cobbled_deepslate":4,"minecraft:enchanted_golden_apple":2,"sophisticatedbackpacks:gold_backpack":9,"simplyswords:gold_glaive":2,"minecraft:cut_sandstone":30,"minecraft:leather_boots":1,"mcsa:shield_of_infinity_helmet":1,"minecraft:red_bed":1,"minecraft:lime_bed":1,"minecraft:crafting_table":4,"supplementaries:bomb":5,"minecraft:diamond_pickaxe":1,"minecraft:apple":4,"minecraft:diamond_shovel":196,"minecraft:iron_pickaxe":687,"simplyswords:soulkeeper":957,"minecraft:cobblestone":180,"minecraft:potion":1},"minecraft:custom":{"enigmaticlegacy:play_time_with_seven_curses":0,"lootr:looted_stat":182,"minecraft:interact_with_crafting_table":35,"minecraft:leave_game":4,"minecraft:time_since_death":26132,"minecraft:damage_resisted":18249,"minecraft:sprint_one_cm":1045097,"minecraft:drop":329,"minecraft:play_time":398783,"minecraft:deaths":122,"minecraft:jump":3213,"minecraft:walk_on_water_one_cm":35493,"minecraft:interact_with_furnace":11,"minecraft:interact_with_loom":1,"minecraft:sleep_in_bed":2,"minecraft:damage_dealt":73600,"minecraft:player_kills":8,"minecraft:crouch_one_cm":432333,"minecraft:mob_kills":174,"minecraft:damage_dealt_resisted":1784,"minecraft:climb_one_cm":11224,"minecraft:walk_one_cm":1179928,"minecraft:damage_dealt_absorbed":80,"minecraft:target_hit":19,"minecraft:sneak_time":70728,"minecraft:walk_under_water_one_cm":53213,"minecraft:interact_with_lectern":7,"minecraft:total_world_time":398783,"enigmaticlegacy:play_time_without_seven_curses":392135,"minecraft:time_since_rest":26175,"minecraft:damage_absorbed":4128,"minecraft:damage_taken":49642,"minecraft:trigger_trapped_chest":1,"minecraft:swim_one_cm":22796,"minecraft:fly_one_cm":519721,"minecraft:open_chest":119,"minecraft:fall_one_cm":291188},"minecraft:broken":{"minecraft:iron_boots":1,"majruszsdifficulty:tattered_leggings":1,"minecraft:iron_chestplate":3,"mcsa:dragonsbane_leggings":1,"minecraft:chainmail_boots":1,"mcsa:shield_of_infinity_helmet":1,"minecraft:chainmail_helmet":1,"minecraft:iron_axe":1,"minecraft:leather_boots":1,"minecraft:iron_pickaxe":2,"minecraft:golden_pickaxe":1},"minecraft:killed_by":{"minecraft:wither_skeleton":38,"minecraft:creeper":1,"enemyexpansion:tarantula":1,"minecraft:pillager":3,"enemyexpansion:huntsman":3,"alexsmobs:grizzly_bear":1,"majruszsdifficulty:cursed_armor":2,"minecraft:husk":7,"minecraft:player":23,"minecraft:enderman":1,"irons_spellbooks:dead_king":7,"minecraft:hoglin":1,"minecraft:skeleton":21,"minecraft:phantom":2},"minecraft:dropped":{"apotheosis:gem_dust":2,"minecraft:iron_sword":3,"knightlib:small_essence":9,"minecraft:moss_block":2,"minecolonies:scroll_buff":10,"minecraft:cooked_beef":1,"minecraft:diamond":16,"minecraft:glass_bottle":7,"minecraft:ender_pearl":1,"dungeons_plus:leviathan_blade":1,"minecraft:sandstone_slab":2,"minecraft:crossbow":3,"majruszsdifficulty:tattered_helmet":1,"minecraft:leather":10,"minecraft:iron_horse_armor":1,"minecraft:saddle":3,"undead_unleashed:grave_metal_scrap":11,"enigmaticlegacy:common_potion":1,"minecraft:cut_sandstone_slab":3,"minecraft:leather_helmet":3,"minecraft:emerald":16,"minecraft:red_carpet":1,"sophisticatedbackpacks:gold_backpack":4,"minecraft:dirt":2,"minecraft:cut_sandstone":10,"atmospheric:arid_sandstone":1,"minecraft:netherite_boots":1,"minecraft:wooden_sword":2,"irons_spellbooks:arcane_essence":88,"minecraft:gold_nugget":8,"minecraft:bone_meal":1,"minecraft:iron_pickaxe":4,"minecraft:dark_oak_planks":2,"minecraft:gold_ingot":74,"minecraft:bone":26,"minecraft:gravel":1,"simplyswords:soulkeeper":1,"minecraft:compass":1,"minecraft:golden_chestplate":1,"minecraft:cobbled_deepslate":9,"minecraft:wheat":29,"minecraft:rotten_flesh":3,"minecraft:oak_planks":22,"minecraft:enchanted_golden_apple":9,"minecraft:mossy_stone_brick_slab":1,"minecraft:acacia_stairs":1,"minecraft:carrot":34,"atmospheric:red_arid_sandstone":34,"sophisticatedbackpacks:diamond_backpack":1,"minecraft:chainmail_chestplate":1,"bosses_of_mass_destruction:soul_star":1,"supplementaries:flax_seeds":2,"minecraft:leather_chestplate":3,"supplementaries:ash":6,"ringsofascension:ring_experience":1,"minecraft:gunpowder":25,"undead_unleashed:grave_metal_axe":1,"minecraft:beetroot_seeds":4,"apotheosis:gem":11,"quark:blank_rune":1,"minecraft:leather_boots":3,"minecraft:chainmail_boots":1,"simplyswords:mjolnir":5,"minecraft:iron_bars":5,"minecraft:arrow":8,"minecraft:scaffolding":18,"minecraft:stone_brick_stairs":1,"enigmaticlegacy:enigmatic_amulet":1,"byg:cattail_sprout":5,"minecraft:enchanted_book":3,"minecraft:iron_ingot":36,"minecraft:bread":51,"ars_nouveau:pierce_arrow":3,"minecraft:golden_helmet":2,"majruszsaccessories:adventurer_kit":1,"ringsofascension:ring_jump_boost":1,"minecraft:iron_helmet":5,"minecraft:cobblestone":46,"minecraft:apple":6,"minecraft:granite":3,"minecraft:chainmail_helmet":2,"apotheosis:epic_material":2,"minecraft:yellow_carpet":2,"minecraft:coal":5,"minecraft:golden_apple":2,"minecraft:polished_andesite":1,"minecraft:diamond_horse_armor":2,"minecraft:cobweb":9,"irons_spellbooks:scroll":19,"farmersdelight:golden_knife":1,"minecraft:mossy_cobblestone_slab":1,"minecraft:golden_carrot":28,"ringsofascension:ring_strength":3,"minecraft:diamond_helmet":1,"minecraft:iron_leggings":3,"minecraft:dead_bush":2,"enigmaticlegacy:lore_inscriber":1,"minecraft:cactus":8,"minecraft:chainmail_leggings":1,"minecraft:paper":16,"minecraft:string":23,"quark:yellow_shard":2,"minecraft:acacia_planks":1,"enigmaticlegacy:withered_tome":5,"minecraft:chiseled_sandstone":1,"minecraft:stone_sword":1,"minecraft:experience_bottle":1,"minecraft:light_gray_wool":4,"minecraft:clay_ball":2,"minecraft:iron_boots":4,"sophisticatedbackpacks:backpack":1,"minecraft:name_tag":1,"minecraft:stripped_acacia_wood":5,"undead_unleashed:grave_metal_sword":2,"enigmaticlegacy:iron_ring":1,"undead_unleashed:grave_metal_boots":1,"enigmaticlegacy:cursed_ring":1,"minecraft:potato":1,"minecraft:shroomlight":2,"minecraft:shield":4,"aether:iron_gloves":4,"minecraft:diamond_chestplate":2,"aether:chainmail_gloves":1,"minecraft:spruce_trapdoor":6,"minecraft:iron_chestplate":3,"minecraft:andesite":8,"minecraft:golden_leggings":2,"minecraft:golden_sword":1,"minecraft:stone_bricks":23,"minecraft:diamond_boots":2,"minecraft:slime_ball":27,"minecraft:sandstone":6,"minecraft:bow":2,"minecraft:wooden_pickaxe":1,"minecraft:raw_gold":4,"minecraft:dark_prismarine":13,"minecraft:terracotta":1},"minecraft:crafted":{"ars_nouveau:archwood_planks":8,"ironfurnaces:iron_furnace":2,"minecraft:glass":0,"minecraft:crafting_table":2,"minecraft:gold_block":2,"minecraft:stick":4,"ironfurnaces:gold_furnace":2,"minecraft:furnace":2,"minecraft:bone_meal":18,"sophisticatedbackpacks:iron_backpack":1,"ironchest:gold_chest":4,"sophisticatedbackpacks:gold_backpack":4,"minecraft:air":0,"woodworks:oak_chest":4,"forbidden_arcanus:cherry_planks":4,"minecraft:acacia_planks":36,"minecraft:torch":16,"ironchest:iron_chest":4},"minecraft:picked_up":{"irons_spellbooks:scroll":15,"minecraft:iron_chestplate":2,"minecraft:wheat":12,"minecraft:chainmail_boots":2,"aether:iron_gloves":4,"minecraft:enchanted_book":1,"minecraft:stone_brick_stairs":1,"minecraft:golden_sword":1,"irons_spellbooks:cast_time_ring":1,"minecraft:string":9,"apotheosis:epic_material":1,"aether:diamond_gloves":1,"minecraft:experience_bottle":2,"minecraft:shroomlight":3,"irons_spellbooks:arcane_essence":70,"minecraft:cobbled_deepslate":14,"bosses_of_mass_destruction:soul_star":3,"minecraft:spruce_planks":3,"undead_unleashed:grave_metal_sword":3,"ringsofascension:ring_jump_boost":1,"ars_nouveau:mendosteen_pod":3,"minecraft:azalea":1,"twilightforest:ironwood_leggings":1,"minecraft:iron_pickaxe":3,"minecraft:enchanted_golden_apple":1,"irons_spellbooks:blank_rune":1,"minecraft:furnace":1,"minecraft:iron_boots":3,"simplyswords:soulkeeper":1,"minecraft:golden_helmet":2,"minecraft:tipped_arrow":3,"apotheosis:gem":16,"minecraft:big_dripleaf":1,"minecraft:torch":3,"minecraft:diorite":69,"enigmaticlegacy:withered_tome":8,"minecraft:golden_chestplate":1,"atmospheric:red_arid_sand":36,"quark:ancient_tome":1,"dungeons_plus:leviathan_blade":2,"minecraft:quartz_block":2,"minecraft:stone_sword":1,"quark:clear_shard":4,"minecraft:rotten_flesh":20,"aether:chainmail_gloves":1,"supplementaries:ash":35,"minecraft:iron_bars":3,"minecraft:cobblestone":249,"majruszsaccessories:tool_scraps":1,"atmospheric:red_arid_sandstone":34,"minecraft:mossy_cobblestone_slab":1,"minecraft:leather_chestplate":2,"minecraft:oxidized_copper":3,"minecraft:andesite":28,"minecraft:golden_leggings":2,"minecraft:potato":1,"supplementaries:flax_seeds":1,"minecraft:wither_skeleton_skull":3,"irons_spellbooks:concentration_amulet":1,"minecraft:dirt":47,"minecraft:cut_sandstone_slab":4,"minecraft:brown_candle":2,"aquamirae:fin":1,"minecraft:leather_boots":5,"minecraft:bone":56,"minecraft:acacia_planks":4,"minecraft:bow":3,"minecraft:wheat_seeds":1,"minecraft:raw_gold":4,"galosphere:raw_silver":2,"minecraft:diamond_helmet":1,"twigs:twig":1,"minecraft:moss_block":9,"irons_spellbooks:frozen_bone":12,"enigmaticlegacy:iron_ring":1,"minecraft:stripped_acacia_wood":16,"minecraft:sand":14,"minecraft:jungle_planks":8,"atmospheric:arid_sandstone":1,"simplyswords:mjolnir":3,"minecraft:acacia_stairs":1,"minecraft:chiseled_sandstone":1,"minecraft:dark_prismarine":13,"forbidden_arcanus:ender_pearl_fragment":2,"minecraft:polished_andesite":1,"minecraft:yellow_carpet":2,"ringsofascension:ring_strength":1,"quark:red_shard":1,"iter_rpg:abyssquartz_shard":1,"minecraft:crossbow":3,"minecraft:granite":3,"minecraft:chainmail_helmet":2,"minecraft:bread":22,"minecraft:emerald":6,"minecraft:diamond_pickaxe":2,"iter_rpg:spawner_fragment":7,"sophisticatedbackpacks:gold_backpack":5,"minecraft:coarse_dirt":2,"minecraft:crafting_table":1,"byg:soapstone":5,"minecraft:sandstone_slab":3,"minecraft:clay_ball":1,"minecraft:golden_pickaxe":1,"cisco_mod:divine_core":1,"minecraft:wooden_pickaxe":2,"ars_nouveau:blue_archwood_sapling":4,"enigmaticlegacy:tattered_tome":1,"minecraft:diamond_horse_armor":1,"minecraft:shield":4,"byg:white_sand":11,"minecraft:red_bed":1,"relics:leather_belt":1,"minecraft:iron_axe":2,"minecraft:wooden_sword":1,"minecraft:netherite_scrap":2,"quark:yellow_shard":6,"minecraft:cyan_carpet":1,"minecraft:candle":3,"atmospheric:arid_sand":79,"minecraft:light_gray_wool":8,"minecraft:spruce_trapdoor":6,"knightlib:small_essence":19,"minecraft:sandstone":10,"byg:cattail_sprout":5,"sophisticatedbackpacks:backpack":1,"minecraft:trident":1,"minecraft:carrot":18,"majruszsaccessories:adventurer_kit":2,"minecraft:dark_oak_planks":47,"ars_nouveau:green_archwood_log":34,"minecraft:arrow":38,"minecraft:diamond_chestplate":1,"minecraft:nether_bricks":8,"minecraft:diamond_boots":1,"minecraft:saddle":1,"minecraft:gold_ingot":2,"forbidden_arcanus:spawner_scrap":14,"minecraft:skeleton_skull":1,"minecraft:lime_bed":1,"minecraft:air":0,"minecraft:golden_carrot":14,"minecraft:cut_sandstone":53,"minecraft:acacia_wood":1,"minecraft:birch_planks":1,"savage_and_ravage:creeper_spores":2,"minecraft:chainmail_chestplate":2,"minecraft:gunpowder":24,"byg:aloe_vera":12,"byg:firecracker_flower_bush":1,"ars_nouveau:green_archwood_sapling":1,"minecraft:smooth_sandstone":1,"minecraft:red_carpet":1,"minecraft:stone_bricks":23,"undead_unleashed:grave_metal_boots":1,"minecraft:glass_bottle":9,"apotheosis:gem_dust":3,"minecraft:iron_sword":2,"sophisticatedbackpacks:diamond_backpack":2,"minecraft:book":6,"minecraft:scaffolding":18,"minecraft:stone_brick_slab":1,"minecraft:gravel":1,"enigmaticlegacy:enigmatic_amulet":1,"undead_unleashed:grave_metal_scrap":34,"minecraft:mossy_stone_brick_slab":1,"minecraft:leather_helmet":3,"simplyswords:gold_glaive":1,"minecraft:slime_ball":14,"enigmaticlegacy:cursed_ring":1,"atmospheric:barrel_cactus":3,"minecraft:chainmail_leggings":1,"minecraft:iron_helmet":4,"minecraft:mossy_cobblestone_stairs":2,"undead_unleashed:grave_metal_axe":1,"minecraft:terracotta":2,"minecraft:coal":31,"minecraft:ender_pearl":1}},"DataVersion":3120}