{"stats":{"minecraft:used":{"minecraft:diamond_pickaxe":1,"minecraft:trident":1,"minecraft:red_sand":1,"minecraft:apple":3,"minecraft:map":1,"minecraft:sugar_cane":2,"minecraft:golden_apple":4,"simplyswords:frostfall":160,"minecraft:crafting_table":2},"minecraft:killed":{"minecraft:skeleton":16,"minecraft:pillager":1,"undead_unleashed:shadewraith":1,"iter_rpg:spiderling":1},"minecraft:crafted":{"minecraft:diamond_pickaxe":1,"minecraft:crafting_table":2,"sophisticatedbackpacks:gold_backpack":1,"minecraft:dark_oak_planks":24,"sophisticatedbackpacks:iron_backpack":1},"minecraft:mined":{"minecraft:birch_planks":1,"minecraft:spruce_planks":12,"byg:blooming_aloe_vera":1,"minecraft:dark_oak_log":6,"minecraft:red_sand":1,"minecraft:magenta_concrete_powder":1,"minecraft:sugar_cane":1,"minecraft:magenta_wool":1,"minecraft:spawner":1},"minecraft:custom":{"minecraft:time_since_rest":5855,"enigmaticlegacy:play_time_with_seven_curses":0,"minecraft:damage_absorbed":2019,"minecraft:sprint_one_cm":57145,"lootr:looted_stat":26,"minecraft:damage_taken":1712,"minecraft:walk_one_cm":76804,"minecraft:mob_kills":23,"minecraft:drop":18,"minecraft:damage_dealt":7119,"enigmaticlegacy:play_time_without_seven_curses":43256,"minecraft:interact_with_crafting_table":13,"minecraft:fly_one_cm":11546,"minecraft:player_kills":2,"minecraft:crouch_one_cm":182,"minecraft:deaths":2,"minecraft:play_time":43303,"minecraft:sneak_time":131,"minecraft:damage_dealt_resisted":4651,"minecraft:jump":227,"minecraft:leave_game":1,"minecraft:walk_on_water_one_cm":2365,"minecraft:time_since_death":5832,"minecraft:total_world_time":43303,"minecraft:damage_resisted":70,"minecraft:fall_one_cm":60899},"minecraft:picked_up":{"apotheosis:gem":1,"minecraft:magenta_concrete_powder":1,"minecraft:wheat":12,"minecraft:clay_ball":1,"minecraft:leather":1,"undead_unleashed:grave_metal_scrap":10,"iter_rpg:stone_geode":1,"minecraft:dark_oak_log":6,"minecraft:bone":15,"minecraft:arrow":23,"minecraft:magenta_wool":1,"minecraft:red_sand":1,"minecraft:spruce_planks":12,"minecraft:emerald":1,"minecraft:sugar_cane":3,"cisco_mod:brightsteel_ingot":1,"iter_rpg:spawner_fragment":1,"forbidden_arcanus:spawner_scrap":1,"knightlib:small_essence":2},"minecraft:dropped":{"minecraft:sugar_cane":1,"minecraft:trident":1,"minecraft:wheat":12,"minecraft:magenta_concrete_powder":1,"minecraft:arrow":1,"minecraft:magenta_wool":1,"sophisticatedbackpacks:gold_backpack":1},"minecraft:killed_by":{"minecraft:pillager":2}},"DataVersion":3120}