{"stats":{"minecraft:killed":{"minecraft:cave_spider":2,"enemyexpansion:equestrian":1,"minecraft:spider":5,"royalvariations:royal_skeleton":1,"minecraft:skeleton":49,"enemyexpansion:assassin":1,"iter_rpg:spiderling":3,"minecraft:creeper":4,"minecraft:pillager":9,"minecraft:zombie":28,"undead_unleashed:shadewraith":1,"enemyexpansion:botfly":1,"undead_unleashed:haunter":4,"minecraft:vindicator":2,"enemyexpansion:direwolf":1,"minecraft:drowned":2,"enemyexpansion:goblin":1,"alexsmobs:flying_fish":1,"minecraft:husk":4,"majruszsdifficulty:cursed_armor":3,"royalvariations:royal_zombie":1,"enemyexpansion:huntsman":1,"minecraft:wither_skeleton":21,"enemyexpansion:slugger":1},"minecraft:mined":{"minecraft:dark_oak_planks":77,"minecraft:large_amethyst_bud":1,"minecraft:cut_sandstone_slab":6,"minecraft:spruce_planks":34,"minecraft:sculk_vein":18,"minecraft:brewing_stand":1,"minecraft:red_sand":1,"minecraft:stone_brick_wall":3,"minecraft:deepslate_bricks":10,"minecraft:deepslate_tile_stairs":1,"minecraft:oxeye_daisy":2,"minecraft:spawner":13,"minecraft:sculk_catalyst":2,"forbidden_arcanus:thin_cherry_log":17,"minecraft:fire":18,"minecraft:azure_bluet":2,"minecraft:sculk_shrieker":51,"ars_nouveau:red_archwood_log":4,"minecraft:polished_deepslate_slab":6,"minecraft:iron_bars":2,"ecologics:walnut_log":4,"minecraft:spruce_slab":1,"minecraft:sandstone_slab":2,"minecraft:cut_sandstone":3,"minecraft:cyan_terracotta":8,"minecraft:soul_fire":7,"minecraft:amethyst_cluster":1,"minecraft:torch":1,"minecraft:poppy":4,"minecraft:cobblestone":6,"minecraft:sugar_cane":1,"minecraft:oak_planks":1,"minecraft:bricks":4,"minecraft:wall_torch":1,"minecraft:amethyst_block":8,"byg:soapstone":8,"minecraft:blue_terracotta":1,"ars_nouveau:archwood_planks":2,"minecraft:yellow_wool":1,"minecraft:stone_brick_stairs":1,"minecraft:grass":44,"minecraft:cracked_deepslate_tiles":1,"minecraft:oak_log":15,"forbidden_arcanus:cherry_log":1,"minecraft:dirt":1,"structure_gel:dynamic_spawner":1,"atmospheric:rosewood_log":10,"minecraft:magenta_wool":1,"minecraft:deepslate":2,"minecraft:tuff":1,"forbidden_arcanus:cherry_leaf_carpet":4,"minecraft:dark_prismarine":3,"minecraft:deepslate_tiles":1,"minecraft:mossy_cobblestone":2,"minecraft:candle":1,"minecraft:dark_oak_log":6,"iter_rpg:big_vase":1,"minecraft:sandstone":16,"iter_rpg:small_vase":1,"minecraft:chiseled_sandstone":4,"minecraft:chiseled_deepslate":2,"minecraft:gold_block":7,"minecraft:bookshelf":80,"minecraft:vine":1,"minecraft:magenta_concrete_powder":1,"irons_spellbooks:inscription_table":1,"minecraft:stone":236,"minecraft:bone_block":13,"twigs:pebble":4,"minecraft:stone_brick_slab":3,"minecraft:dandelion":21,"minecraft:smooth_sandstone":1,"minecraft:cornflower":2,"atmospheric:rosewood_leaves":1,"minecraft:sculk_sensor":193,"minecraft:copper_ore":1,"minecraft:cracked_deepslate_bricks":1,"minecraft:sculk":102,"supplementaries:urn":1,"minecraft:birch_planks":7,"minecraft:gray_wool":3,"ars_nouveau:blue_archwood_log":23,"byg:blooming_aloe_vera":1,"twigs:tangerine_seashell":1,"minecraft:ice":9,"iter_rpg:spider_egg":1,"minecraft:coal_ore":18,"minecraft:cyan_carpet":1,"minecraft:yellow_concrete":2,"minecraft:gray_carpet":3,"minecraft:cobweb":14,"minecraft:cracked_stone_bricks":1,"minecraft:stripped_acacia_wood":9,"forbidden_arcanus:runic_deepslate":3},"minecraft:used":{"minecraft:red_sand":1,"minecraft:spruce_slab":1,"minecraft:diamond_hoe":442,"minecraft:lava_bucket":1,"minecraft:bricks":1,"minecraft:oak_planks":1,"minecraft:ender_pearl":3,"minecraft:diamond_axe":178,"minecraft:sugar_cane":2,"minecraft:golden_apple":8,"ars_nouveau:archwood_planks":86,"minecraft:bread":21,"minecraft:cyan_carpet":1,"simplyswords:frostfall":658,"minecraft:trident":1,"woodworks:oak_chest":4,"minecraft:spruce_planks":3,"minecraft:torch":16,"minecraft:dirt":1,"minecraft:golden_chestplate":1,"minecraft:iron_hoe":9,"minecraft:bookshelf":4,"atmospheric:rosewood_planks":7,"minecraft:golden_carrot":18,"minecraft:enchanted_golden_apple":4,"minecraft:water_bucket":5,"minecraft:crafting_table":3,"minecraft:sculk_shrieker":14,"minecolonies:supplychestdeployer":1,"minecraft:dark_prismarine":11,"minecraft:diamond_pickaxe":417,"minecraft:apple":8,"minecraft:map":1,"minecraft:yellow_wool":1,"minecraft:cobblestone":37,"minecraft:potion":3,"minecraft:bucket":6,"irons_spellbooks:inscription_table":2},"minecraft:custom":{"enigmaticlegacy:play_time_with_seven_curses":0,"lootr:looted_stat":163,"minecraft:interact_with_crafting_table":32,"minecraft:leave_game":3,"minecraft:time_since_death":22430,"minecraft:damage_resisted":1622,"minecraft:sprint_one_cm":771667,"minecraft:drop":199,"minecraft:talked_to_villager":2,"minecraft:play_time":413792,"minecraft:deaths":53,"minecraft:jump":4376,"minecraft:walk_on_water_one_cm":22004,"minecraft:interact_with_furnace":6,"minecraft:sleep_in_bed":3,"minecraft:waystone_activated":1,"minecraft:damage_dealt":35585,"minecraft:player_kills":19,"minecraft:crouch_one_cm":139003,"minecraft:interact_with_anvil":1,"minecraft:mob_kills":168,"minecraft:interact_with_campfire":1,"minecraft:damage_dealt_resisted":24064,"minecraft:climb_one_cm":4551,"minecraft:walk_one_cm":887615,"minecraft:damage_dealt_absorbed":80,"minecraft:sneak_time":63263,"minecraft:walk_under_water_one_cm":4887,"minecraft:total_world_time":413792,"enigmaticlegacy:play_time_without_seven_curses":412083,"minecraft:time_since_rest":22457,"minecraft:damage_taken":39118,"minecraft:damage_absorbed":9596,"minecraft:swim_one_cm":12226,"minecraft:fly_one_cm":582933,"minecraft:open_chest":93,"minecraft:fall_one_cm":1664306},"minecraft:broken":{"minecraft:diamond_helmet":1,"minecraft:iron_boots":1,"minecraft:iron_chestplate":1,"minecraft:iron_leggings":1,"minecraft:diamond_boots":1,"minecraft:diamond_chestplate":1,"minecraft:diamond_leggings":1,"minecraft:leather_boots":2,"minecraft:iron_helmet":1,"majruszsdifficulty:tattered_chestplate":1},"minecraft:killed_by":{"minecraft:wither_skeleton":10,"minecraft:pillager":5,"minecraft:drowned":2,"minecraft:vindicator":4,"minecraft:husk":5,"minecraft:player":5,"minecraft:warden":4,"minecraft:skeleton":7,"minecraft:phantom":9},"minecraft:dropped":{"minecraft:iron_sword":1,"knightlib:small_essence":6,"minecraft:candle":3,"minecraft:birch_planks":5,"minecolonies:scroll_buff":3,"minecraft:warped_fungus":1,"minecraft:glass_bottle":3,"minecolonies:supplycampdeployer":1,"minecraft:sandstone_slab":2,"ecologics:walnut_sapling":4,"undead_unleashed:grave_metal_scrap":16,"minecraft:cut_sandstone_slab":2,"sophisticatedbackpacks:gold_backpack":4,"ecologics:walnut_planks":32,"minecraft:deepslate_tile_stairs":1,"twigs:pebble":1,"minecraft:cyan_terracotta":4,"immersive_armors:wooden_leggings":1,"alexsmobs:flying_fish":1,"minecraft:cut_sandstone":27,"minecraft:wooden_sword":1,"minecraft:pumpkin_pie":8,"immersive_armors:wooden_chestplate":1,"irons_spellbooks:emerald_stoneplate_ring":1,"minecraft:cyan_carpet":1,"minecraft:bone":26,"minecraft:sugar_cane":1,"minecraft:iron_nugget":4,"minecraft:golden_chestplate":1,"minecraft:cobbled_deepslate":1,"minecraft:wheat":12,"immersive_armors:wooden_boots":1,"minecraft:rotten_flesh":46,"enigmaticlegacy:tattered_tome":2,"minecraft:enchanted_golden_apple":4,"cisco_mod:brightsteel_ingot":1,"minecraft:leather_chestplate":1,"supplementaries:ash":45,"minecraft:trident":1,"minecraft:leather_leggings":5,"minecraft:arrow":24,"minecraft:scaffolding":15,"minecraft:magenta_wool":1,"minecraft:oak_slab":2,"minecraft:wheat_seeds":2,"minecraft:sculk_shrieker":1,"majruszsaccessories:adventurer_kit":1,"minecraft:bookshelf":65,"minecraft:yellow_concrete":2,"minecraft:cobblestone":69,"minecraft:book":7,"apotheosis:epic_material":1,"minecraft:coal":25,"minecraft:golden_apple":4,"irons_spellbooks:scroll":1,"minecraft:gray_wool":6,"origins:orb_of_origin":1,"minecraft:sculk":2,"byg:soapstone":6,"forbidden_arcanus:spawner_scrap":4,"minecraft:potion":1,"simplyswords:frostfall":1,"minecraft:string":1,"minecraft:smooth_sandstone":1,"minecraft:acacia_planks":1,"enigmaticlegacy:withered_tome":5,"minecraft:chiseled_sandstone":5,"minecraft:dandelion":19,"minecraft:blue_terracotta":1,"irons_spellbooks:copper_spell_book":3,"ars_nouveau:archwood_planks":1,"majruszsaccessories:tool_scraps":1,"minecraft:clay_ball":1,"minecraft:iron_hoe":2,"minecraft:stripped_acacia_wood":3,"undead_unleashed:grave_metal_sword":1,"undead_unleashed:grave_metal_boots":1,"minecraft:deepslate_bricks":13,"minecolonies:blockhuttownhall":15,"ecologics:walnut":2,"aether:iron_gloves":1,"minecraft:spruce_planks":1,"minecraft:diamond_pickaxe":1,"minecraft:iron_chestplate":2,"minecraft:andesite":1,"minecraft:golden_sword":1,"minecraft:magenta_concrete_powder":1,"minecraft:sandstone":19,"minecraft:dark_prismarine":12,"immersive_armors:wooden_helmet":1},"minecraft:crafted":{"ars_nouveau:archwood_planks":64,"ecologics:walnut_planks":16,"sophisticatedbackpacks:crafting_upgrade":1,"minecraft:bookshelf":4,"irons_spellbooks:copper_spell_book":1,"minecraft:crafting_table":4,"minecraft:copper_ingot":2,"sophisticatedbackpacks:upgrade_base":1,"minecraft:diamond_pickaxe":1,"minecraft:iron_ingot":11,"minecraft:dark_oak_planks":24,"atmospheric:rosewood_planks":32,"sophisticatedbackpacks:iron_backpack":1,"sophisticatedbackpacks:gold_backpack":1,"minecraft:air":0,"irons_spellbooks:inscription_table":1,"minecraft:acacia_planks":12,"minecraft:torch":16},"minecraft:picked_up":{"minecolonies:supplycampdeployer":2,"minecraft:chiseled_deepslate":2,"minecraft:iron_chestplate":1,"minecraft:wheat":12,"irons_spellbooks:affinity_ring":1,"minecraft:yellow_wool":1,"aether:iron_gloves":1,"ars_nouveau:pierce_arrow":3,"minecraft:golden_sword":1,"minecraft:string":19,"apotheosis:epic_material":3,"minecraft:raw_copper":58,"minecraft:sculk_shrieker":18,"minecraft:diamond_leggings":2,"minecraft:deepslate_tiles":1,"minecraft:red_sand":1,"minecraft:cobbled_deepslate":2,"twigs:pebble":4,"minecraft:spruce_planks":28,"undead_unleashed:grave_metal_sword":2,"minecraft:enchanted_golden_apple":10,"irons_spellbooks:inscription_table":1,"apotheosis:rare_material":5,"apotheosis:gem":7,"minecraft:magenta_concrete_powder":1,"strictly_origins:damaged_skofnung":1,"ecologics:walnut_log":4,"minecraft:torch":5,"enigmaticlegacy:withered_tome":4,"minecraft:deepslate_tile_stairs":1,"minecraft:golden_chestplate":2,"minecraft:rotten_flesh":51,"minecraft:cyan_terracotta":4,"minecraft:bookshelf":99,"supplementaries:ash":49,"twigs:tangerine_seashell":1,"minecraft:iron_bars":2,"irons_spellbooks:copper_spell_book":1,"alexsmobs:flying_fish":1,"minecraft:cobblestone":179,"majruszsaccessories:tool_scraps":1,"ecologics:walnut_planks":16,"ecologics:walnut":2,"minecraft:leather_chestplate":2,"minecraft:andesite":1,"minecraft:wither_skeleton_skull":3,"minecraft:dirt":1,"minecraft:cut_sandstone_slab":2,"minecraft:leather_boots":2,"simplyswords:frostfall":1,"minecraft:bone":56,"minecraft:acacia_planks":2,"minecraft:bow":1,"minecraft:wheat_seeds":5,"minecraft:raw_gold":8,"forbidden_arcanus:rune":2,"minecraft:oak_planks":1,"iter_rpg:spider_silk":1,"minecraft:stripped_acacia_wood":6,"royalvariations:royal_bone":1,"undead_unleashed:grave_metal_leggings":1,"iter_rpg:stone_geode":1,"minecraft:chiseled_sandstone":9,"minecraft:dark_oak_log":6,"minecraft:mossy_cobblestone":1,"minecraft:dark_prismarine":23,"minecraft:blue_terracotta":1,"minecraft:golden_apple":5,"minecraft:bread":3,"minecraft:emerald":11,"cisco_mod:brightsteel_ingot":3,"minecraft:bricks":1,"iter_rpg:spawner_fragment":7,"ars_nouveau:red_archwood_log":4,"sophisticatedbackpacks:gold_backpack":3,"byg:soapstone":6,"minecraft:azure_bluet":2,"minecraft:sandstone_slab":2,"minecraft:clay_ball":1,"minecolonies:scroll_buff":13,"minecraft:turtle_helmet":1,"minecraft:leather_leggings":8,"minecraft:gold_block":7,"enigmaticlegacy:tattered_tome":1,"ars_nouveau:archwood_planks":66,"minecraft:cornflower":2,"relics:leather_belt":1,"forbidden_arcanus:thin_cherry_log":7,"minecraft:magenta_wool":1,"minecraft:cyan_carpet":2,"ecologics:walnut_sapling":4,"minecraft:cracked_stone_bricks":2,"irons_spellbooks:conjurers_talisman":1,"minecraft:candle":3,"minecraft:poppy":4,"minecraft:spruce_slab":1,"minecraft:sugar_cane":3,"minecraft:phantom_membrane":1,"knightlib:small_essence":16,"minecraft:sandstone":19,"minecraft:polished_deepslate_slab":6,"minecraft:copper_ingot":2,"sophisticatedbackpacks:backpack":1,"ars_nouveau:blue_archwood_log":21,"minecraft:trident":1,"majruszsaccessories:adventurer_kit":2,"atmospheric:rosewood_log":8,"minecraft:dark_oak_planks":24,"minecraft:diamond_chestplate":1,"minecraft:arrow":61,"minecraft:deepslate_bricks":13,"minecraft:cracked_deepslate_bricks":1,"minecraft:gold_ingot":16,"forbidden_arcanus:spawner_scrap":13,"minecraft:bone_block":13,"minecraft:oxeye_daisy":2,"minecraft:cut_sandstone":55,"minecraft:leather":1,"forbidden_arcanus:cherry_sapling":1,"minecraft:birch_planks":10,"minecraft:oak_log":15,"minecraft:gunpowder":2,"minecraft:sculk_vein":9,"minecraft:paper":16,"minecraft:smooth_sandstone":1,"minecraft:gray_carpet":3,"minecraft:iron_ingot":42,"minecraft:cobweb":9,"undead_unleashed:grave_metal_boots":2,"minecraft:glass_bottle":2,"apotheosis:gem_dust":2,"minecraft:iron_sword":1,"forbidden_arcanus:cherry_log":1,"minecraft:book":21,"minecraft:sculk_catalyst":1,"minecraft:scaffolding":15,"minecraft:oak_slab":2,"minecraft:sculk":34,"minecraft:yellow_concrete":2,"minecraft:dandelion":19,"enigmaticlegacy:enigmatic_amulet":2,"undead_unleashed:grave_metal_scrap":35,"minecraft:spider_eye":4,"minecraft:sculk_sensor":80,"enigmaticlegacy:cursed_ring":1,"minecraft:iron_helmet":1,"minecraft:gray_wool":6,"minecraft:coal":29,"irons_spellbooks:scroll":4}},"DataVersion":3120}