{"stats":{"minecraft:crafted":{"ecologics:flowering_azalea_planks":4,"minecraft:birch_planks":32,"ecologics:azalea_planks":4},"minecraft:mined":{"minecraft:flowering_azalea_leaves":1,"ecologics:azalea_log":1,"ecologics:flowering_azalea_log":3,"byg:palo_verde_log":8},"minecraft:picked_up":{"ecologics:flowering_azalea_log":3,"ecologics:azalea_log":1,"byg:palo_verde_log":8,"byg:palo_verde_sapling":2,"twigs:twig":1},"minecraft:custom":{"minecraft:time_since_rest":8393,"enigmaticlegacy:play_time_with_seven_curses":0,"minecraft:crouch_one_cm":36,"minecraft:play_time":8393,"minecraft:sprint_one_cm":10363,"minecraft:damage_taken":20,"minecraft:walk_one_cm":10601,"minecraft:sneak_time":11,"minecraft:walk_under_water_one_cm":22,"minecraft:jump":78,"minecraft:time_since_death":8393,"minecraft:walk_on_water_one_cm":1629,"minecraft:total_world_time":8393,"enigmaticlegacy:play_time_without_seven_curses":8393,"minecraft:climb_one_cm":276,"minecraft:swim_one_cm":1497,"minecraft:fall_one_cm":1105,"minecraft:fly_one_cm":1043}},"DataVersion":3120}