{"stats":{"minecraft:killed":{"minecraft:vindicator":1,"minecraft:skeleton":3,"whisperwoods:zotzpyre":1,"minecraft:zombie":3,"whisperwoods:moth":3},"minecraft:mined":{"minecraft:dark_prismarine":21,"minecraft:tuff":16,"minecraft:spruce_planks":6,"minecraft:candle":1,"minecraft:sculk_vein":213,"minecraft:granite":5,"minecraft:nether_bricks":6,"minecraft:grass_block":8,"minecraft:deepslate_bricks":6,"minecraft:deepslate_tile_stairs":5,"iter_rpg:big_vase":1,"minecraft:spawner":1,"atmospheric:red_arid_sand":7,"minecraft:sculk_catalyst":3,"iter_rpg:small_vase":1,"minecraft:iron_ore":4,"minecraft:cobbled_deepslate":4,"minecraft:acacia_wood":4,"minecraft:sculk_shrieker":23,"minecraft:bookshelf":14,"minecraft:flowering_azalea_leaves":1,"minecraft:deepslate_brick_stairs":1,"minecraft:spruce_wood":12,"ars_nouveau:rune":1,"minecraft:stone":766,"minecraft:tripwire":1,"minecraft:oak_slab":4,"minecraft:glass_pane":1,"atmospheric:barrel_cactus":1,"minecraft:soul_fire":2,"minecraft:deepslate_tile_slab":3,"minecraft:crafting_table":3,"delightful:pumpkin_pie":7,"atmospheric:rosewood_leaves":3,"minecraft:dead_bush":1,"minecraft:sculk_sensor":27,"minecraft:glass":3,"minecraft:copper_ore":11,"minecraft:oak_planks":1,"minecraft:cracked_deepslate_bricks":3,"minecraft:sculk":1326,"minecraft:diorite":2,"supplementaries:urn":1,"minecraft:gray_wool":2,"byg:soapstone":7,"minecraft:cactus":2,"minecraft:light_blue_bed":1,"iter_rpg:abyss_quartz":1,"minecraft:coal_ore":14,"ecologics:flowering_azalea_log":3,"ecologics:azalea_log":1,"byg:palo_verde_log":8,"minecraft:dirt":6,"twigs:rhyolite":2,"minecraft:acacia_planks":4,"minecraft:deepslate":76,"minecraft:redstone_lamp":4},"minecraft:used":{"minecraft:enchanting_table":1,"minecraft:iron_shovel":15,"minecraft:flint_and_steel":2,"minecraft:diamond_hoe":1334,"minecraft:iron_sword":18,"minecraft:torch":1,"minecraft:iron_hoe":249,"minecraft:bookshelf":34,"minecraft:iron_axe":21,"minecraft:light_blue_bed":1,"minecraft:diamond_chestplate":1,"minecraft:written_book":2,"woodworks:birch_chest":3,"minecraft:furnace":1,"minecraft:cobbled_deepslate":9,"minecraft:golden_axe":29,"minecraft:enchanted_golden_apple":2,"minecraft:stone_pickaxe":102,"minecraft:wooden_pickaxe":66,"minecraft:diamond_axe":15,"minecraft:crafting_table":4,"relics:horse_flute":5,"minecraft:diamond_pickaxe":586,"minecraft:bread":5,"minecraft:string":1,"minecraft:iron_pickaxe":219,"strictly_origins:damaged_skofnung":4,"minecraft:cobblestone":27,"forbidden_arcanus:splash_aureal_bottle":1,"minecraft:experience_bottle":11},"minecraft:custom":{"enigmaticlegacy:play_time_with_seven_curses":173664,"lootr:looted_stat":105,"minecraft:mob_kills":9,"minecraft:interact_with_crafting_table":7,"minecraft:damage_dealt_resisted":4,"minecraft:leave_game":6,"minecraft:time_since_death":5162,"minecraft:damage_resisted":185,"minecraft:climb_one_cm":10810,"minecraft:sprint_one_cm":250795,"minecraft:walk_one_cm":874265,"minecraft:drop":76,"minecraft:talked_to_villager":1,"minecraft:play_time":377015,"minecraft:sneak_time":26045,"minecraft:deaths":90,"minecraft:walk_under_water_one_cm":9085,"minecraft:jump":2367,"minecraft:walk_on_water_one_cm":30861,"minecraft:total_world_time":377015,"minecraft:interact_with_furnace":4,"enigmaticlegacy:play_time_without_seven_curses":197328,"minecraft:sleep_in_bed":2,"minecraft:time_since_rest":6283,"minecraft:waystone_activated":1,"minecraft:damage_taken":29249,"minecraft:damage_absorbed":929,"minecraft:damage_dealt":2551,"minecraft:swim_one_cm":80887,"minecraft:fly_one_cm":79984,"minecraft:player_kills":3,"minecraft:open_chest":84,"minecraft:crouch_one_cm":121538,"minecraft:fall_one_cm":59171},"minecraft:broken":{"minecraft:diamond_helmet":1,"majruszsdifficulty:tattered_boots":1,"minecraft:iron_chestplate":1,"minecraft:diamond_leggings":1,"minecraft:wooden_pickaxe":2,"minecraft:golden_axe":1,"minecraft:iron_pickaxe":1},"minecraft:dropped":{"minecraft:iron_sword":3,"knightlib:small_essence":2,"minecraft:oak_slab":1,"minecraft:wheat_seeds":1,"minecraft:diamond_axe":1,"minecolonies:scroll_buff":12,"minecolonies:supplycampdeployer":2,"majruszsaccessories:adventurer_kit":1,"minecraft:bookshelf":30,"minecraft:diamond_leggings":2,"minecraft:cobblestone":64,"minecraft:book":21,"minecraft:copper_ingot":4,"minecraft:deepslate_tile_slab":4,"minecraft:golden_apple":1,"sophisticatedbackpacks:gold_backpack":1,"minecraft:deepslate_tile_stairs":4,"irons_spellbooks:scroll":8,"relics:leather_belt":1,"irons_spellbooks:affinity_ring":1,"strictly_origins:damaged_durendal":1,"minecraft:cactus":1,"minecraft:string":2,"minecraft:gold_ingot":16,"twigs:twig":12,"enigmaticlegacy:withered_tome":2,"minecraft:bone":4,"irons_spellbooks:copper_spell_book":1,"minecraft:iron_nugget":2,"majruszsaccessories:tool_scraps":1,"minecraft:enchanted_golden_apple":4,"minecraft:iron_hoe":1,"sophisticatedbackpacks:backpack":1,"forbidden_arcanus:bat_wing":1,"enigmaticlegacy:cursed_ring":1,"minecraft:filled_map":1,"irons_spellbooks:conjurers_talisman":1,"aether:iron_gloves":1,"atmospheric:barrel_cactus":5,"minecraft:diamond_chestplate":1,"minecraft:arrow":3,"strictly_origins:damaged_skofnung":1,"enigmaticlegacy:enigmatic_amulet":1,"minecraft:written_book":1,"minecraft:bread":3,"minecraft:terracotta":2,"minecraft:iron_ingot":42},"minecraft:killed_by":{"minecraft:husk":14,"minecraft:player":12,"minecraft:wither_skeleton":4,"minecraft:spider":5,"minecraft:pillager":3,"minecraft:drowned":2,"minecraft:vindicator":2,"minecraft:warden":3,"minecraft:cave_spider":2,"minecraft:skeleton":15,"minecraft:phantom":2,"minecraft:zombie":9,"majruszsdifficulty:cursed_armor":2,"royalvariations:royal_zombie":2},"minecraft:crafted":{"ecologics:flowering_azalea_planks":4,"minecraft:stone_pickaxe":3,"woodworks:birch_chest":3,"minecraft:copper_ingot":2,"minecraft:birch_planks":32,"minecraft:air":0,"minecraft:stick":10,"ecologics:azalea_planks":4},"minecraft:picked_up":{"minecolonies:supplycampdeployer":1,"irons_spellbooks:scroll":6,"minecraft:charcoal":6,"sophisticatedbackpacks:gold_backpack":1,"minecraft:crafting_table":3,"minecraft:iron_chestplate":1,"byg:soapstone":13,"minecolonies:scroll_buff":2,"minecraft:redstone_lamp":4,"minecraft:potion":1,"byg:palo_verde_sapling":2,"minecraft:golden_sword":1,"minecraft:string":5,"forbidden_arcanus:thin_cherry_log":10,"minecraft:raw_copper":7,"skilltree:wisdom_scroll":2,"minecraft:sculk_shrieker":2,"minecraft:candle":3,"minecraft:cobbled_deepslate":62,"atmospheric:yucca_flower":1,"minecraft:iron_nugget":4,"minecraft:iron_pickaxe":1,"irons_spellbooks:emerald_stoneplate_ring":1,"minecraft:enchanted_golden_apple":5,"minecraft:diamond_hoe":10,"knightlib:small_essence":5,"minecraft:raw_iron":6,"forbidden_arcanus:bat_wing":1,"apotheosis:gem":1,"minecraft:copper_ingot":2,"minecraft:torch":1,"sophisticatedbackpacks:backpack":1,"minecraft:diorite":2,"enigmaticlegacy:withered_tome":3,"minecraft:light_blue_bed":1,"origins:orb_of_origin":1,"minecraft:redstone":11,"minecraft:deepslate_tile_stairs":6,"atmospheric:red_arid_sand":7,"minecraft:dark_oak_planks":1,"minecraft:cactus":1,"minecraft:arrow":6,"quark:clear_shard":11,"minecraft:rotten_flesh":4,"minecraft:pumpkin_pie":8,"majruszsaccessories:lucky_rock":1,"minecraft:nether_bricks":3,"minecraft:deepslate_bricks":4,"minecraft:cracked_deepslate_bricks":3,"minecraft:bookshelf":75,"minecraft:gold_ingot":16,"minecraft:deepslate_brick_stairs":1,"forbidden_arcanus:spawner_scrap":1,"irons_spellbooks:copper_spell_book":1,"minecraft:cobblestone":839,"majruszsaccessories:tool_scraps":1,"ecologics:flowering_azalea_log":3,"minecraft:air":0,"forbidden_arcanus:cherry_sapling":3,"minecraft:acacia_wood":3,"minecraft:filled_map":1,"minecraft:tuff":16,"minecraft:deepslate_tile_slab":4,"minecraft:lapis_lazuli":28,"minecraft:dirt":14,"minecraft:bone":7,"minecraft:acacia_planks":2,"minecraft:wheat_seeds":2,"minecraft:raw_gold":2,"minecraft:iron_ingot":32,"twigs:twig":13,"minecraft:iron_sword":4,"minecraft:book":49,"minecraft:oak_slab":4,"ecologics:azalea_log":1,"minecraft:sculk":3,"undead_unleashed:grave_metal_scrap":19,"minecraft:dark_prismarine":15,"minecraft:iron_hoe":1,"minecraft:sculk_sensor":1,"minecraft:diamond":1,"minecraft:deepslate":15,"atmospheric:barrel_cactus":5,"byg:palo_verde_log":8,"iter_rpg:abyssquartz_shard":3,"minecraft:granite":5,"minecraft:diamond_axe":2,"minecraft:gray_wool":2,"minecraft:bread":7,"minecraft:terracotta":2,"minecraft:baked_potato":1,"twigs:rhyolite":2,"minecraft:coal":27,"iter_rpg:spawner_fragment":1}},"DataVersion":3120}