{
  "comforts:sleeping_bag_light_gray": {
    "criteria": {
      "has_the_recipe": "2025-02-16 19:02:43 +0000"
    },
    "done": true
  },
  "irons_spellbooks:irons_spellbooks/spell_book_equip": {
    "criteria": {
      "requirement": "2025-02-16 23:18:33 +0000"
    },
    "done": true
  },
  "apotheosis:affix/rare": {
    "criteria": {
      "sword": "2025-02-16 19:21:02 +0000"
    },
    "done": true
  },
  "enigmaticaddons:book/misc/bless_stone": {
    "criteria": {
      "has_the_recipe": "2025-02-16 19:02:43 +0000"
    },
    "done": true
  },
  "incendium:technical/on_block": {
    "criteria": {
      "log_spam_fixer": "2025-02-16 19:02:44 +0000"
    },
    "done": false
  },
  "vinery:dark_oak_wine_rack_small": {
    "criteria": {
      "has_the_recipe": "2025-02-16 19:02:43 +0000"
    },
    "done": true
  },
  "vinery:birch_wine_rack_small": {
    "criteria": {
      "has_the_recipe": "2025-02-16 19:02:43 +0000"
    },
    "done": true
  },
  "comforts:hammock_cyan_from_white": {
    "criteria": {
      "has_the_recipe": "2025-02-16 19:02:43 +0000"
    },
    "done": true
  },
  "comforts:hammock_black": {
    "criteria": {
      "has_the_recipe": "2025-02-16 19:02:43 +0000"
    },
    "done": true
  },
  "comforts:sleeping_bag_light_blue": {
    "criteria": {
      "has_the_recipe": "2025-02-16 19:02:43 +0000"
    },
    "done": true
  },
  "comforts:sleeping_bag_lime": {
    "criteria": {
      "has_the_recipe": "2025-02-16 19:02:43 +0000"
    },
    "done": true
  },
  "enigmaticaddons:book/relics/void_tome": {
    "criteria": {
      "has_items": "2025-02-16 19:17:06 +0000"
    },
    "done": true
  },
  "vinery:window": {
    "criteria": {
      "has_the_recipe": "2025-02-16 19:02:43 +0000"
    },
    "done": true
  },
  "enigmaticlegacy:recipes/generic/magnet_ring": {
    "criteria": {
      "has_parent_recipe": "2025-02-16 19:13:21 +0000",
      "has_items": "2025-02-16 19:36:36 +0000"
    },
    "done": true
  },
  "enigmaticlegacy:book/misc/astral_potato": {
    "criteria": {
      "has_the_recipe": "2025-02-16 19:36:37 +0000"
    },
    "done": true
  },
  "dungeons_arise:find_heavenly_challenger": {
    "criteria": {
      "location0": "2025-02-16 21:22:16 +0000"
    },
    "done": true
  },
  "naturescompass:natures_compass": {
    "criteria": {
      "has_compass": "2025-02-16 19:02:43 +0000"
    },
    "done": true
  },
  "vinery:vinemaker_leggings": {
    "criteria": {
      "has_the_recipe": "2025-02-16 19:02:43 +0000"
    },
    "done": true
  },
  "comforts:sleeping_bag_lime_from_white": {
    "criteria": {
      "has_the_recipe": "2025-02-16 19:02:43 +0000"
    },
    "done": true
  },
  "enigmaticaddons:book/misc/totem_of_malice": {
    "criteria": {
      "has_the_recipe": "2025-02-16 19:02:43 +0000"
    },
    "done": true
  },
  "vinery:big_table": {
    "criteria": {
      "has_the_recipe": "2025-02-16 19:02:43 +0000"
    },
    "done": true
  },
  "enigmaticlegacy:book/materials/etherium_ore": {
    "criteria": {
      "generic_revelation": "2025-02-16 21:59:08 +0000"
    },
    "done": true
  },
  "vinery:cherry_pressure_plate": {
    "criteria": {
      "has_the_recipe": "2025-02-16 19:02:43 +0000"
    },
    "done": true
  },
  "enigmaticaddons:book/tools/ichor_spear": {
    "criteria": {
      "has_the_recipe": "2025-02-16 19:02:43 +0000"
    },
    "done": true
  },
  "vinery:loam": {
    "criteria": {
      "has_the_recipe": "2025-02-16 19:02:43 +0000"
    },
    "done": true
  },
  "vinery:cherry_fence": {
    "criteria": {
      "has_the_recipe": "2025-02-16 19:02:43 +0000"
    },
    "done": true
  },
  "vinery:basket": {
    "criteria": {
      "has_the_recipe": "2025-02-16 19:02:43 +0000"
    },
    "done": true
  },
  "enigmaticlegacy:recipes/generic/the_acknowledgment": {
    "criteria": {
      "has_iron_ingot": "2025-02-16 19:02:43 +0000"
    },
    "done": true
  },
  "vinery:straw_hat": {
    "criteria": {
      "has_the_recipe": "2025-02-16 19:02:43 +0000"
    },
    "done": true
  },
  "comforts:sleeping_bag_black": {
    "criteria": {
      "has_the_recipe": "2025-02-16 19:02:43 +0000"
    },
    "done": true
  },
  "enigmaticlegacy:recipes/generic/iron_ring": {
    "criteria": {
      "has_iron_ingot": "2025-02-16 19:13:21 +0000"
    },
    "done": true
  },
  "minecraft:story/shiny_gear": {
    "criteria": {
      "diamond_helmet": "2025-02-16 19:14:32 +0000"
    },
    "done": true
  },
  "irons_spellbooks:irons_spellbooks/enter_catacombs": {
    "criteria": {
      "in_catacombs": "2025-02-16 19:38:52 +0000"
    },
    "done": true
  },
  "apotheosis:give_book": {
    "criteria": {
      "tick": "2025-02-16 19:02:43 +0000"
    },
    "done": true
  },
  "comforts:hammock_red_from_white": {
    "criteria": {
      "has_the_recipe": "2025-02-16 19:02:43 +0000"
    },
    "done": true
  },
  "comforts:hammock_yellow": {
    "criteria": {
      "has_the_recipe": "2025-02-16 19:02:43 +0000"
    },
    "done": true
  },
  "explorerscompass:explorers_compass_cobweb": {
    "criteria": {
      "has_recipe": "2025-02-16 19:02:43 +0000",
      "has_cobweb": "2025-02-16 19:02:43 +0000"
    },
    "done": true
  },
  "enigmaticlegacy:recipes/generic/infernal_shield": {
    "criteria": {
      "has_parent_recipe": "2025-02-16 19:02:43 +0000",
      "has_items2": "2025-02-16 21:23:03 +0000"
    },
    "done": false
  },
  "lootr:1chest": {
    "criteria": {
      "opened_chest": "2025-02-16 19:12:36 +0000"
    },
    "done": true
  },
  "lootr:1cart": {
    "criteria": {
      "opened_cart": "2025-02-16 20:12:19 +0000"
    },
    "done": true
  },
  "comforts:hammock_pink_from_white": {
    "criteria": {
      "has_the_recipe": "2025-02-16 19:02:43 +0000"
    },
    "done": true
  },
  "vinery:oak_wine_rack_small": {
    "criteria": {
      "has_the_recipe": "2025-02-16 19:02:43 +0000"
    },
    "done": true
  },
  "enigmaticaddons:book/accessories/adventure_charm": {
    "criteria": {
      "has_the_recipe": "2025-02-16 19:02:43 +0000"
    },
    "done": true
  },
  "apotheosis:affix/root": {
    "criteria": {
      "sword": "2025-02-16 19:12:41 +0000"
    },
    "done": true
  },
  "deeperdarker:main/root": {
    "criteria": {
      "deep_dark": "2025-02-16 19:50:49 +0000"
    },
    "done": true
  },
  "immersive_armors:recipes/misc/slime": {
    "criteria": {
      "has_item": "2025-02-16 19:27:38 +0000"
    },
    "done": true
  },
  "enigmaticaddons:book/materials/pure_heart": {
    "criteria": {
      "has_the_recipe": "2025-02-16 19:02:43 +0000"
    },
    "done": true
  },
  "vinery:cherry_slab": {
    "criteria": {
      "has_the_recipe": "2025-02-16 19:02:43 +0000"
    },
    "done": true
  },
  "enigmaticlegacy:book/accessories/magnet_ring": {
    "criteria": {
      "has_the_recipe": "2025-02-16 19:36:36 +0000"
    },
    "done": true
  },
  "vinery:red_grape_crate": {
    "criteria": {
      "has_the_recipe": "2025-02-16 19:02:43 +0000"
    },
    "done": true
  },
  "vinery:dark_oak_wine_rack_big": {
    "criteria": {
      "has_the_recipe": "2025-02-16 19:02:43 +0000"
    },
    "done": true
  },
  "vinery:wine_box": {
    "criteria": {
      "has_the_recipe": "2025-02-16 19:02:43 +0000"
    },
    "done": true
  },
  "mutantmonsters:root": {
    "criteria": {
      "killed_something": "2025-02-16 19:24:09 +0000"
    },
    "done": true
  },
  "comforts:hammock_purple": {
    "criteria": {
      "has_the_recipe": "2025-02-16 19:02:43 +0000"
    },
    "done": true
  },
  "minecraft:husbandry/balanced_diet": {
    "criteria": {
      "baked_potato": "2025-02-16 19:28:29 +0000",
      "bread": "2025-02-16 19:17:44 +0000",
      "golden_apple": "2025-02-16 19:28:41 +0000",
      "enchanted_golden_apple": "2025-02-16 21:33:09 +0000"
    },
    "done": false
  },
  "enigmaticlegacy:book/misc/hunter_guidebook": {
    "criteria": {
      "has_the_recipe": "2025-02-16 19:36:15 +0000"
    },
    "done": true
  },
  "dungeons_plus:adventure/find_leviathan": {
    "criteria": {
      "in_structure": "2025-02-16 20:15:16 +0000"
    },
    "done": true
  },
  "vinery:grapevine_lattice": {
    "criteria": {
      "has_the_recipe": "2025-02-16 19:02:43 +0000"
    },
    "done": true
  },
  "vinery:cherry_trapdoor": {
    "criteria": {
      "has_the_recipe": "2025-02-16 19:02:43 +0000"
    },
    "done": true
  },
  "vinery:mangrove_wine_rack_small": {
    "criteria": {
      "has_the_recipe": "2025-02-16 19:02:43 +0000"
    },
    "done": true
  },
  "comforts:hammock_lime": {
    "criteria": {
      "has_the_recipe": "2025-02-16 19:02:43 +0000"
    },
    "done": true
  },
  "comforts:sleeping_bag_pink": {
    "criteria": {
      "has_the_recipe": "2025-02-16 19:02:43 +0000"
    },
    "done": true
  },
  "iter_rpg:iter_root": {
    "criteria": {
      "iter_root": "2025-02-16 19:02:43 +0000"
    },
    "done": true
  },
  "naturescompass:natures_compass_sapling": {
    "criteria": {
      "has_recipe": "2025-02-16 19:02:43 +0000"
    },
    "done": true
  },
  "vinery:birch_wine_rack_big": {
    "criteria": {
      "has_the_recipe": "2025-02-16 19:02:43 +0000"
    },
    "done": true
  },
  "enigmaticlegacy:recipes/generic/tome_uncrafting/tattered_tome": {
    "criteria": {
      "has_items": "2025-02-16 19:14:11 +0000"
    },
    "done": true
  },
  "comforts:sleeping_bag_light_blue_from_white": {
    "criteria": {
      "has_the_recipe": "2025-02-16 19:02:43 +0000"
    },
    "done": true
  },
  "enigmaticlegacy:book/materials/netherite": {
    "criteria": {
      "has_scrap": "2025-02-16 19:38:22 +0000"
    },
    "done": true
  },
  "enigmaticaddons:book/accessories/hell_blade_charm": {
    "criteria": {
      "has_items": "2025-02-16 21:58:27 +0000"
    },
    "done": true
  },
  "simplyswords:simplyswords": {
    "criteria": {
      "requirement": "2025-02-16 19:25:15 +0000"
    },
    "done": true
  },
  "minecraft:adventure/avoid_vibration": {
    "criteria": {
      "avoid_vibration": "2025-02-16 19:50:55 +0000"
    },
    "done": true
  },
  "mowziesmobs:kill_naga": {
    "criteria": {
      "naga": "2025-02-16 22:28:00 +0000"
    },
    "done": true
  },
  "incendium:technical/using/shield": {
    "criteria": {
      "requirement": "2025-02-16 19:16:19 +0000",
      "log_spam_fixer": "2025-02-16 19:02:44 +0000"
    },
    "done": true
  },
  "dungeons_arise:find_mushroom_house": {
    "criteria": {
      "location0": "2025-02-16 22:30:56 +0000"
    },
    "done": true
  },
  "comforts:hammock_magenta": {
    "criteria": {
      "has_the_recipe": "2025-02-16 19:02:43 +0000"
    },
    "done": true
  },
  "vinery:fermentation_barrel": {
    "criteria": {
      "has_the_recipe": "2025-02-16 19:02:43 +0000"
    },
    "done": true
  },
  "enigmaticlegacy:recipes/generic/hunter_guidebook": {
    "criteria": {
      "has_items": "2025-02-16 19:36:15 +0000"
    },
    "done": true
  },
  "aquamirae:recipes/sharp_bones": {
    "criteria": {
      "has_item": "2025-02-16 20:21:27 +0000"
    },
    "done": true
  },
  "minecraft:nether/get_wither_skull": {
    "criteria": {
      "wither_skull": "2025-02-16 20:06:16 +0000"
    },
    "done": true
  },
  "enigmaticlegacy:book/accessories/golden_ring": {
    "criteria": {
      "has_the_recipe": "2025-02-16 19:14:10 +0000"
    },
    "done": true
  },
  "comforts:sleeping_bag_red": {
    "criteria": {
      "has_the_recipe": "2025-02-16 19:02:43 +0000"
    },
    "done": true
  },
  "incendium:technical/using/trailblazer": {
    "criteria": {
      "log_spam_fixer": "2025-02-16 19:02:44 +0000"
    },
    "done": false
  },
  "enigmaticaddons:book/tools/the_bless": {
    "criteria": {
      "has_the_recipe": "2025-02-16 19:02:43 +0000"
    },
    "done": true
  },
  "enigmaticlegacy:recipes/generic/desolation_ring": {
    "criteria": {
      "has_parent_recipe": "2025-02-16 19:14:10 +0000"
    },
    "done": false
  },
  "takesapillage:root": {
    "criteria": {
      "always": "2025-02-16 19:02:43 +0000"
    },
    "done": true
  },
  "enigmaticlegacy:book/relics/cursed_ring": {
    "criteria": {
      "has_items": "2025-02-16 19:02:43 +0000"
    },
    "done": true
  },
  "betterdeserttemples:temple_entry": {
    "criteria": {
      "in_better_desert_temple": "2025-02-16 20:18:22 +0000"
    },
    "done": true
  },
  "incendium:technical/scroll_of_returning": {
    "criteria": {
      "log_spam_fixer": "2025-02-16 19:02:44 +0000"
    },
    "done": false
  },
  "enigmaticlegacy:main/discover_spellstone": {
    "criteria": {
      "spellstone": "2025-02-16 19:16:36 +0000"
    },
    "done": true
  },
  "betterdeserttemples:temple_clear": {
    "criteria": {
      "pharaoh_killed": "2025-02-16 20:52:37 +0000"
    },
    "done": true
  },
  "minecraft:story/obtain_armor": {
    "criteria": {
      "iron_boots": "2025-02-16 19:12:57 +0000"
    },
    "done": true
  },
  "enigmaticlegacy:book/misc/lore_inscriber": {
    "criteria": {
      "has_the_recipe": "2025-02-16 19:36:37 +0000"
    },
    "done": true
  },
  "comforts:sleeping_bag_blue": {
    "criteria": {
      "has_the_recipe": "2025-02-16 19:02:43 +0000"
    },
    "done": true
  },
  "vinery:spruce_wine_rack_big": {
    "criteria": {
      "has_the_recipe": "2025-02-16 19:02:43 +0000"
    },
    "done": true
  },
  "minecraft:story/mine_stone": {
    "criteria": {
      "get_stone": "2025-02-16 19:20:16 +0000"
    },
    "done": true
  },
  "deeperdarker:main/kill_all_sculk_mobs": {
    "criteria": {
      "phantom": "2025-02-16 21:51:03 +0000"
    },
    "done": false
  },
  "enigmaticlegacy:book/accessories/iron_ring": {
    "criteria": {
      "has_the_recipe": "2025-02-16 19:13:21 +0000"
    },
    "done": true
  },
  "undead_unleashed:shards_of_the_past": {
    "criteria": {
      "shards_of_the_past": "2025-02-16 19:23:16 +0000"
    },
    "done": true
  },
  "enigmaticlegacy:recipes/generic/soul_compass": {
    "criteria": {
      "has_items1": "2025-02-16 21:23:03 +0000"
    },
    "done": false
  },
  "morevillagers:root": {
    "criteria": {
      "always": "2025-02-16 19:02:43 +0000"
    },
    "done": true
  },
  "vinery:loam_stairs": {
    "criteria": {
      "has_the_recipe": "2025-02-16 19:02:43 +0000"
    },
    "done": true
  },
  "minecraft:adventure/sleep_in_bed": {
    "criteria": {
      "slept_in_bed": "2025-02-16 22:32:16 +0000"
    },
    "done": true
  },
  "ars_nouveau:root": {
    "criteria": {
      "ars_nouveau:worn_notebook": "2025-02-16 19:02:43 +0000"
    },
    "done": true
  },
  "vinery:jungle_wine_rack_small": {
    "criteria": {
      "has_the_recipe": "2025-02-16 19:02:43 +0000"
    },
    "done": true
  },
  "comforts:sleeping_bag_orange": {
    "criteria": {
      "has_the_recipe": "2025-02-16 19:02:43 +0000"
    },
    "done": true
  },
  "minecraft:husbandry/root": {
    "criteria": {
      "consumed_item": "2025-02-16 19:17:44 +0000"
    },
    "done": true
  },
  "apotheosis:affix/chests": {
    "criteria": {
      "sword": "2025-02-16 19:12:57 +0000"
    },
    "done": true
  },
  "lootr:10loot": {
    "criteria": {
      "loot_stat": "2025-02-16 19:18:31 +0000"
    },
    "done": true
  },
  "incendium:technical/inventory/firestorm": {
    "criteria": {
      "log_spam_fixer": "2025-02-16 19:02:44 +0000"
    },
    "done": false
  },
  "vinery:flower_box": {
    "criteria": {
      "has_the_recipe": "2025-02-16 19:02:43 +0000"
    },
    "done": true
  },
  "enigmaticlegacy:recipes/generic/cosmic_heart": {
    "criteria": {
      "has_items": "2025-02-16 19:36:37 +0000"
    },
    "done": true
  },
  "minecraft:adventure/root": {
    "criteria": {
      "killed_something": "2025-02-16 19:24:09 +0000"
    },
    "done": true
  },
  "repurposed_structures:mineshafts": {
    "criteria": {
      "in_mineshaft_desert": "2025-02-16 21:03:27 +0000"
    },
    "done": false
  },
  "enigmaticlegacy:recipes/generic/ender_ring": {
    "criteria": {
      "has_parent_recipe": "2025-02-16 19:13:21 +0000"
    },
    "done": false
  },
  "apotheosis:affix/random": {
    "criteria": {
      "sword": "2025-02-16 19:43:38 +0000"
    },
    "done": true
  },
  "enigmaticlegacy:book/materials/cosmic_heart": {
    "criteria": {
      "has_the_recipe": "2025-02-16 19:36:37 +0000"
    },
    "done": true
  },
  "comforts:hammock_red": {
    "criteria": {
      "has_the_recipe": "2025-02-16 19:02:43 +0000"
    },
    "done": true
  },
  "lootr:social": {
    "criteria": {
      "opened_barrel": "2025-02-16 19:39:58 +0000",
      "opened_chest": "2025-02-16 19:12:36 +0000",
      "opened_cart": "2025-02-16 20:12:19 +0000"
    },
    "done": false
  },
  "vinery:cherry_door": {
    "criteria": {
      "has_the_recipe": "2025-02-16 19:02:43 +0000"
    },
    "done": true
  },
  "farmersdelight:main/root": {
    "criteria": {
      "seeds": "2025-02-16 19:02:43 +0000"
    },
    "done": true
  },
  "comforts:hammock_black_from_white": {
    "criteria": {
      "has_the_recipe": "2025-02-16 19:02:43 +0000"
    },
    "done": true
  },
  "vinery:wine_rack_3": {
    "criteria": {
      "has_the_recipe": "2025-02-16 19:02:43 +0000"
    },
    "done": true
  },
  "vinery:wine_rack_5": {
    "criteria": {
      "has_the_recipe": "2025-02-16 19:02:43 +0000"
    },
    "done": true
  },
  "comforts:hammock_gray_from_white": {
    "criteria": {
      "has_the_recipe": "2025-02-16 19:02:43 +0000"
    },
    "done": true
  },
  "enigmaticlegacy:recipes/generic/mining_charm": {
    "criteria": {
      "has_items": "2025-02-16 22:13:28 +0000"
    },
    "done": true
  },
  "vinery:white_grape_crate": {
    "criteria": {
      "has_the_recipe": "2025-02-16 19:02:43 +0000"
    },
    "done": true
  },
  "minecraft:adventure/kill_all_mobs": {
    "criteria": {
      "minecraft:skeleton": "2025-02-16 19:28:21 +0000",
      "minecraft:spider": "2025-02-16 19:26:45 +0000",
      "minecraft:slime": "2025-02-16 20:32:59 +0000",
      "minecraft:phantom": "2025-02-16 21:51:03 +0000",
      "minecraft:witch": "2025-02-16 19:41:04 +0000",
      "minecraft:wither_skeleton": "2025-02-16 21:22:41 +0000",
      "minecraft:husk": "2025-02-16 20:18:59 +0000",
      "minecraft:stray": "2025-02-16 19:27:09 +0000",
      "minecraft:zombie": "2025-02-16 19:24:09 +0000"
    },
    "done": false
  },
  "minecraft:adventure/lightning_rod_with_villager_no_fire": {
    "criteria": {
      "lightning_rod_with_villager_no_fire": "2025-02-16 23:41:25 +0000"
    },
    "done": true
  },
  "incendium:technical/sentrys_wrath": {
    "criteria": {
      "log_spam_fixer": "2025-02-16 19:02:44 +0000"
    },
    "done": false
  },
  "enigmaticlegacy:book/materials/astral_dust": {
    "criteria": {
      "has_items": "2025-02-16 19:36:37 +0000"
    },
    "done": true
  },
  "enigmaticlegacy:recipes/generic/forbidden_axe": {
    "criteria": {
      "has_items": "2025-02-16 21:23:03 +0000"
    },
    "done": true
  },
  "deeperdarker:main/find_ancient_city": {
    "criteria": {
      "ancient_city": "2025-02-16 19:49:28 +0000"
    },
    "done": true
  },
  "enigmaticlegacy:recipes/generic/etherium_shovel": {
    "criteria": {
      "has_parent_recipe": "2025-02-16 19:36:37 +0000"
    },
    "done": false
  },
  "vinery:shelf": {
    "criteria": {
      "has_the_recipe": "2025-02-16 19:02:43 +0000"
    },
    "done": true
  },
  "vinery:cherry_floorboard": {
    "criteria": {
      "has_the_recipe": "2025-02-16 19:02:43 +0000"
    },
    "done": true
  },
  "enigmaticlegacy:recipes/generic/fabulous_scroll": {
    "criteria": {
      "has_items": "2025-02-16 19:36:37 +0000"
    },
    "done": false
  },
  "comforts:hammock_lime_from_white": {
    "criteria": {
      "has_the_recipe": "2025-02-16 19:02:43 +0000"
    },
    "done": true
  },
  "vinery:wine_rack_1": {
    "criteria": {
      "has_the_recipe": "2025-02-16 19:02:43 +0000"
    },
    "done": true
  },
  "vinery:cherry_sign": {
    "criteria": {
      "has_the_recipe": "2025-02-16 19:02:43 +0000"
    },
    "done": true
  },
  "apotheosis:affix/rare_gem": {
    "criteria": {
      "gem": "2025-02-16 19:54:30 +0000"
    },
    "done": true
  },
  "vinery:wine_rack_2": {
    "criteria": {
      "has_the_recipe": "2025-02-16 19:02:43 +0000"
    },
    "done": true
  },
  "enigmaticlegacy:main/all_spellstones": {
    "criteria": {
      "spellstone1": "2025-02-16 19:18:06 +0000"
    },
    "done": false
  },
  "comforts:hammock_orange_from_white": {
    "criteria": {
      "has_the_recipe": "2025-02-16 19:02:43 +0000"
    },
    "done": true
  },
  "enigmaticlegacy:recipes/generic/etherium_sword": {
    "criteria": {
      "has_parent_recipe": "2025-02-16 19:36:37 +0000"
    },
    "done": false
  },
  "enigmaticlegacy:book/tools/forbidden_axe": {
    "criteria": {
      "has_the_recipe": "2025-02-16 21:23:03 +0000"
    },
    "done": true
  },
  "enigmaticlegacy:book/materials/ancient_debris": {
    "criteria": {
      "generic_revelation": "2025-02-16 19:33:15 +0000"
    },
    "done": true
  },
  "toms_storage:unlock_chest": {
    "criteria": {
      "inv_changed-chest": "2025-02-16 19:02:43 +0000"
    },
    "done": true
  },
  "comforts:sleeping_bag_light_gray_from_white": {
    "criteria": {
      "has_the_recipe": "2025-02-16 19:02:43 +0000"
    },
    "done": true
  },
  "betterdeserttemples:root": {
    "criteria": {
      "always": "2025-02-16 19:02:43 +0000"
    },
    "done": true
  },
  "totw_modded:root": {
    "criteria": {
      "sample_trigger": "2025-02-16 19:02:43 +0000"
    },
    "done": true
  },
  "naturescompass:natures_compass_log": {
    "criteria": {
      "has_recipe": "2025-02-16 19:02:43 +0000"
    },
    "done": true
  },
  "incendium:technical/feed_ghastling": {
    "criteria": {
      "log_spam_fixer": "2025-02-16 19:02:44 +0000"
    },
    "done": false
  },
  "lootr:25loot": {
    "criteria": {
      "loot_stat": "2025-02-16 19:34:33 +0000"
    },
    "done": true
  },
  "minecraft:story/mine_diamond": {
    "criteria": {
      "diamond": "2025-02-16 19:36:36 +0000"
    },
    "done": true
  },
  "vinery:wine_press": {
    "criteria": {
      "has_the_recipe": "2025-02-16 19:02:43 +0000"
    },
    "done": true
  },
  "aquamirae:recipes/fin": {
    "criteria": {
      "has_item": "2025-02-16 20:21:27 +0000"
    },
    "done": true
  },
  "enigmaticaddons:book/tools/disaster_sword": {
    "criteria": {
      "has_the_recipe": "2025-02-16 19:02:43 +0000"
    },
    "done": true
  },
  "comforts:hammock_blue": {
    "criteria": {
      "has_the_recipe": "2025-02-16 19:02:43 +0000"
    },
    "done": true
  },
  "comforts:hammock_gray": {
    "criteria": {
      "has_the_recipe": "2025-02-16 19:02:43 +0000"
    },
    "done": true
  },
  "enigmaticaddons:book/accessories/cursed_xp_scroll": {
    "criteria": {
      "has_the_recipe": "2025-02-16 19:02:43 +0000"
    },
    "done": true
  },
  "enigmaticaddons:book/misc/astral_potion": {
    "criteria": {
      "has_items": "2025-02-16 19:36:37 +0000"
    },
    "done": true
  },
  "enigmaticaddons:book/accessories/night_scroll": {
    "criteria": {
      "has_the_recipe": "2025-02-16 19:02:43 +0000"
    },
    "done": true
  },
  "enigmaticaddons:book/accessories/earth_promise": {
    "criteria": {
      "has_the_recipe": "2025-02-16 19:02:43 +0000"
    },
    "done": true
  },
  "lootr:1barrel": {
    "criteria": {
      "opened_barrel": "2025-02-16 19:39:58 +0000"
    },
    "done": true
  },
  "immersive_armors:recipes/misc/wooden": {
    "criteria": {
      "has_item": "2025-02-16 21:29:33 +0000"
    },
    "done": true
  },
  "incendium:technical/on_inventory_change": {
    "criteria": {
      "log_spam_fixer": "2025-02-16 19:02:44 +0000"
    },
    "done": false
  },
  "enigmaticlegacy:recipes/generic/the_twist": {
    "criteria": {
      "has_parent_recipe": "2025-02-16 19:02:43 +0000",
      "has_items3": "2025-02-16 21:23:03 +0000"
    },
    "done": false
  },
  "enigmaticlegacy:recipes/generic/xp_scroll": {
    "criteria": {
      "has_items": "2025-02-16 19:29:10 +0000"
    },
    "done": false
  },
  "majruszsdifficulty:game_stage_normal": {
    "criteria": {
      "is_triggered": "2025-02-16 19:02:43 +0000"
    },
    "done": true
  },
  "minecraft:husbandry/tame_an_animal": {
    "criteria": {
      "tamed_animal": "2025-02-16 20:13:11 +0000"
    },
    "done": true
  },
  "vinery:flower_pot": {
    "criteria": {
      "has_the_recipe": "2025-02-16 19:02:43 +0000"
    },
    "done": true
  },
  "vinery:cherry_chest_boat": {
    "criteria": {
      "has_the_recipe": "2025-02-16 19:02:43 +0000"
    },
    "done": true
  },
  "enigmaticaddons:book/relics/lost_engine": {
    "criteria": {
      "has_items": "2025-02-16 19:16:36 +0000"
    },
    "done": true
  },
  "comforts:hammock_white": {
    "criteria": {
      "has_the_recipe": "2025-02-16 19:02:43 +0000"
    },
    "done": true
  },
  "comforts:sleeping_bag_green_from_white": {
    "criteria": {
      "has_the_recipe": "2025-02-16 19:02:43 +0000"
    },
    "done": true
  },
  "vinery:spruce_wine_rack_small": {
    "criteria": {
      "has_the_recipe": "2025-02-16 19:02:43 +0000"
    },
    "done": true
  },
  "enigmaticlegacy:recipes/generic/etherium_scythe": {
    "criteria": {
      "has_parent_recipe": "2025-02-16 19:36:37 +0000"
    },
    "done": false
  },
  "comforts:sleeping_bag_black_from_white": {
    "criteria": {
      "has_the_recipe": "2025-02-16 19:02:43 +0000"
    },
    "done": true
  },
  "enigmaticlegacy:book/accessories/monster_charm": {
    "criteria": {
      "has_the_recipe": "2025-02-16 21:23:03 +0000"
    },
    "done": true
  },
  "vinery:grapevine_stem": {
    "criteria": {
      "has_the_recipe": "2025-02-16 19:02:43 +0000"
    },
    "done": true
  },
  "enigmaticlegacy:recipes/generic/etherium_axe": {
    "criteria": {
      "has_parent_recipe": "2025-02-16 19:36:37 +0000"
    },
    "done": false
  },
  "enigmaticaddons:book/misc/ichoroot": {
    "criteria": {
      "has_the_recipe": "2025-02-16 19:02:43 +0000"
    },
    "done": true
  },
  "comforts:hammock_light_blue_from_white": {
    "criteria": {
      "has_the_recipe": "2025-02-16 19:02:43 +0000"
    },
    "done": true
  },
  "vinery:stackable_log": {
    "criteria": {
      "has_the_recipe": "2025-02-16 19:02:43 +0000"
    },
    "done": true
  },
  "vinery:vinemaker_boots": {
    "criteria": {
      "has_the_recipe": "2025-02-16 19:02:43 +0000"
    },
    "done": true
  },
  "aquamirae:adventure/root": {
    "criteria": {
      "crafting_table": "2025-02-16 19:15:21 +0000"
    },
    "done": true
  },
  "simplyswords:grant_book_on_first_join": {
    "criteria": {
      "tick": "2025-02-16 19:02:43 +0000"
    },
    "done": true
  },
  "toms_storage:unlock_netherite": {
    "criteria": {
      "inv_changed-netherite": "2025-02-16 19:02:43 +0000"
    },
    "done": true
  },
  "vinery:dirt_slab": {
    "criteria": {
      "has_the_recipe": "2025-02-16 19:02:43 +0000"
    },
    "done": true
  },
  "vinery:cherry_stairs": {
    "criteria": {
      "has_the_recipe": "2025-02-16 19:02:43 +0000"
    },
    "done": true
  },
  "incendium:technical/inventory/sentrys_wrath": {
    "criteria": {
      "log_spam_fixer": "2025-02-16 19:02:44 +0000"
    },
    "done": false
  },
  "vinery:grass_slab": {
    "criteria": {
      "has_the_recipe": "2025-02-16 19:02:43 +0000"
    },
    "done": true
  },
  "apotheosis:affix/boss": {
    "criteria": {
      "sword": "2025-02-16 20:21:27 +0000"
    },
    "done": true
  },
  "mowziesmobs:root": {
    "criteria": {
      "custom_test_name": "2025-02-16 19:02:43 +0000"
    },
    "done": true
  },
  "enigmaticaddons:book/tools/astral_spear": {
    "criteria": {
      "has_the_recipe": "2025-02-16 19:02:43 +0000"
    },
    "done": true
  },
  "comforts:hammock_cyan": {
    "criteria": {
      "has_the_recipe": "2025-02-16 19:02:43 +0000"
    },
    "done": true
  },
  "aquamirae:adventure/obtain_fin": {
    "criteria": {
      "fin": "2025-02-16 20:21:27 +0000"
    },
    "done": true
  },
  "enigmaticlegacy:recipes/generic/shroomlamps": {
    "criteria": {
      "has_core_block": "2025-02-16 21:51:48 +0000"
    },
    "done": false
  },
  "comforts:sleeping_bag_purple": {
    "criteria": {
      "has_the_recipe": "2025-02-16 19:02:43 +0000"
    },
    "done": true
  },
  "comforts:sleeping_bag_purple_from_white": {
    "criteria": {
      "has_the_recipe": "2025-02-16 19:02:43 +0000"
    },
    "done": true
  },
  "minecraft:husbandry/obtain_netherite_hoe": {
    "criteria": {
      "netherite_hoe": "2025-02-16 22:11:47 +0000"
    },
    "done": true
  },
  "enigmaticlegacy:recipes/generic/golden_ring": {
    "criteria": {
      "has_parent_recipe": "2025-02-16 19:13:21 +0000",
      "has_items": "2025-02-16 19:14:10 +0000"
    },
    "done": true
  },
  "enigmaticlegacy:recipes/generic/ender_rod": {
    "criteria": {
      "has_items": "2025-02-16 19:36:37 +0000"
    },
    "done": true
  },
  "cataclysm:root": {
    "criteria": {
      "custom_test_name": "2025-02-16 19:02:43 +0000"
    },
    "done": true
  },
  "comforts:sleeping_bag_yellow": {
    "criteria": {
      "has_the_recipe": "2025-02-16 19:02:43 +0000"
    },
    "done": true
  },
  "immersive_armors:recipes/misc/bone": {
    "criteria": {
      "has_item": "2025-02-16 19:13:34 +0000"
    },
    "done": true
  },
  "irons_spellbooks:grant_patchouli": {
    "criteria": {
      "tick": "2025-02-16 19:02:43 +0000"
    },
    "done": true
  },
  "comforts:hammock_light_gray": {
    "criteria": {
      "has_the_recipe": "2025-02-16 19:02:43 +0000"
    },
    "done": true
  },
  "simplyswords:mjolnir": {
    "criteria": {
      "requirement": "2025-02-16 20:40:15 +0000"
    },
    "done": true
  },
  "vinery:acacia_wine_rack_small": {
    "criteria": {
      "has_the_recipe": "2025-02-16 19:02:43 +0000"
    },
    "done": true
  },
  "irons_spellbooks:irons_spellbooks/ink_root": {
    "criteria": {
      "requirement": "2025-02-16 19:40:17 +0000"
    },
    "done": true
  },
  "enigmaticlegacy:book/accessories/mining_charm": {
    "criteria": {
      "has_the_recipe": "2025-02-16 22:13:28 +0000"
    },
    "done": true
  },
  "comforts:sleeping_bag_orange_from_white": {
    "criteria": {
      "has_the_recipe": "2025-02-16 19:02:43 +0000"
    },
    "done": true
  },
  "comforts:hammock_yellow_from_white": {
    "criteria": {
      "has_the_recipe": "2025-02-16 19:02:43 +0000"
    },
    "done": true
  },
  "vinery:cherry_boat": {
    "criteria": {
      "has_the_recipe": "2025-02-16 19:02:43 +0000"
    },
    "done": true
  },
  "royalvariations:royal_variations_achievement": {
    "criteria": {
      "royal_variations_achievement": "2025-02-16 21:41:00 +0000"
    },
    "done": true
  },
  "enigmaticlegacy:recipes/generic/super_magnet_ring": {
    "criteria": {
      "has_parent_recipe": "2025-02-16 19:36:36 +0000"
    },
    "done": false
  },
  "comforts:sleeping_bag_blue_from_white": {
    "criteria": {
      "has_the_recipe": "2025-02-16 19:02:43 +0000"
    },
    "done": true
  },
  "royalvariations:rotten_king": {
    "criteria": {
      "rotten_king": "2025-02-16 21:41:00 +0000"
    },
    "done": true
  },
  "vinery:mangrove_wine_rack_big": {
    "criteria": {
      "has_the_recipe": "2025-02-16 19:02:43 +0000"
    },
    "done": true
  },
  "enigmaticlegacy:book/relics/enigmatic_amulet": {
    "criteria": {
      "has_items": "2025-02-16 19:02:43 +0000"
    },
    "done": true
  },
  "vinery:wine_bottle": {
    "criteria": {
      "has_the_recipe": "2025-02-16 19:02:43 +0000"
    },
    "done": true
  },
  "apotheosis:affix/gem": {
    "criteria": {
      "gem": "2025-02-16 19:29:40 +0000"
    },
    "done": true
  },
  "comforts:sleeping_bag_green": {
    "criteria": {
      "has_the_recipe": "2025-02-16 19:02:43 +0000"
    },
    "done": true
  },
  "comforts:sleeping_bag_brown_from_white": {
    "criteria": {
      "has_the_recipe": "2025-02-16 19:02:43 +0000"
    },
    "done": true
  },
  "minecraft:story/iron_tools": {
    "criteria": {
      "iron_pickaxe": "2025-02-16 19:15:06 +0000"
    },
    "done": true
  },
  "undead_unleashed:boo": {
    "criteria": {
      "boo": "2025-02-16 19:38:11 +0000"
    },
    "done": true
  },
  "comforts:sleeping_bag_white": {
    "criteria": {
      "has_the_recipe": "2025-02-16 19:02:43 +0000"
    },
    "done": true
  },
  "comforts:hammock_light_gray_from_white": {
    "criteria": {
      "has_the_recipe": "2025-02-16 19:02:43 +0000"
    },
    "done": true
  },
  "comforts:sleeping_bag_brown": {
    "criteria": {
      "has_the_recipe": "2025-02-16 19:02:43 +0000"
    },
    "done": true
  },
  "comforts:sleeping_bag_gray": {
    "criteria": {
      "has_the_recipe": "2025-02-16 19:02:43 +0000"
    },
    "done": true
  },
  "enigmaticlegacy:recipes/generic/etherium_pickaxe": {
    "criteria": {
      "has_parent_recipe": "2025-02-16 19:36:37 +0000"
    },
    "done": false
  },
  "minecraft:story/root": {
    "criteria": {
      "crafting_table": "2025-02-16 19:15:21 +0000"
    },
    "done": true
  },
  "enigmaticlegacy:recipes/generic/astral_potato": {
    "criteria": {
      "has_items": "2025-02-16 19:36:37 +0000"
    },
    "done": true
  },
  "comforts:hammock_light_blue": {
    "criteria": {
      "has_the_recipe": "2025-02-16 19:02:43 +0000"
    },
    "done": true
  },
  "minecraft:story/form_obsidian": {
    "criteria": {
      "obsidian": "2025-02-16 22:35:31 +0000"
    },
    "done": true
  },
  "comforts:rope_and_nail": {
    "criteria": {
      "has_the_recipe": "2025-02-16 19:02:43 +0000"
    },
    "done": true
  },
  "enigmaticaddons:book/accessories/thunder_scroll": {
    "criteria": {
      "has_the_recipe": "2025-02-16 19:02:43 +0000"
    },
    "done": true
  },
  "vinery:acacia_wine_rack_big": {
    "criteria": {
      "has_the_recipe": "2025-02-16 19:02:43 +0000"
    },
    "done": true
  },
  "vinery:jungle_wine_rack_big": {
    "criteria": {
      "has_the_recipe": "2025-02-16 19:02:43 +0000"
    },
    "done": true
  },
  "enigmaticaddons:book/misc/false_justice": {
    "criteria": {
      "has_the_recipe": "2025-02-16 19:02:43 +0000"
    },
    "done": true
  },
  "vinery:loam_slab": {
    "criteria": {
      "has_the_recipe": "2025-02-16 19:02:43 +0000"
    },
    "done": true
  },
  "vinery:cherry_planks": {
    "criteria": {
      "has_the_recipe": "2025-02-16 19:02:43 +0000"
    },
    "done": true
  },
  "betterdungeons:root": {
    "criteria": {
      "always": "2025-02-16 19:02:43 +0000"
    },
    "done": true
  },
  "vinery:stripped_cherry_wood": {
    "criteria": {
      "has_the_recipe": "2025-02-16 19:02:43 +0000"
    },
    "done": true
  },
  "knightquest:knightquest": {
    "criteria": {
      "requirement": "2025-02-16 19:28:22 +0000"
    },
    "done": true
  },
  "explorerscompass:explorers_compass_cracked_stone_bricks": {
    "criteria": {
      "has_cracked_stone_bricks": "2025-02-16 19:02:43 +0000"
    },
    "done": true
  },
  "comforts:sleeping_bag_red_from_white": {
    "criteria": {
      "has_the_recipe": "2025-02-16 19:02:43 +0000"
    },
    "done": true
  },
  "enigmaticlegacy:book/relics/the_cube": {
    "criteria": {
      "has_item_1": "2025-02-16 19:18:06 +0000"
    },
    "done": false
  },
  "lootr:root": {
    "criteria": {
      "always_true": "2025-02-16 19:02:43 +0000"
    },
    "done": true
  },
  "minecraft:adventure/kill_a_mob": {
    "criteria": {
      "minecraft:zombie": "2025-02-16 19:24:09 +0000"
    },
    "done": true
  },
  "incendium:technical/multiplex_crossbow": {
    "criteria": {
      "log_spam_fixer": "2025-02-16 19:02:44 +0000"
    },
    "done": false
  },
  "comforts:sleeping_bag_magenta_from_white": {
    "criteria": {
      "has_the_recipe": "2025-02-16 19:02:43 +0000"
    },
    "done": true
  },
  "byg:root": {
    "criteria": {
      "tick": "2025-02-16 19:02:43 +0000"
    },
    "done": true
  },
  "comforts:hammock_magenta_from_white": {
    "criteria": {
      "has_the_recipe": "2025-02-16 19:02:43 +0000"
    },
    "done": true
  },
  "enigmaticaddons:book/tools/evil_dagger": {
    "criteria": {
      "has_the_recipe": "2025-02-16 19:02:43 +0000"
    },
    "done": true
  },
  "byg:adventure/oh_the_biomes_youll_go": {
    "criteria": {
      "byg:sierra_badlands": "2025-02-16 19:50:48 +0000",
      "byg:atacama_desert": "2025-02-16 19:02:44 +0000",
      "byg:mojave_desert": "2025-02-16 21:12:45 +0000"
    },
    "done": false
  },
  "majruszsaccessories:miner_guide": {
    "criteria": {
      "picked_up_accessory": "2025-02-16 19:39:18 +0000"
    },
    "done": true
  },
  "comforts:hammock_brown_from_white": {
    "criteria": {
      "has_the_recipe": "2025-02-16 19:02:43 +0000"
    },
    "done": true
  },
  "toms_storage:unlock_glowstone": {
    "criteria": {
      "inv_changed-glowstone": "2025-02-16 19:02:43 +0000"
    },
    "done": true
  },
  "minecraft:adventure/ol_betsy": {
    "criteria": {
      "shot_crossbow": "2025-02-16 22:10:25 +0000"
    },
    "done": true
  },
  "vinery:vinemaker_apron": {
    "criteria": {
      "has_the_recipe": "2025-02-16 19:02:43 +0000"
    },
    "done": true
  },
  "incendium:technical/firestorm": {
    "criteria": {
      "log_spam_fixer": "2025-02-16 19:02:44 +0000"
    },
    "done": false
  },
  "enigmaticlegacy:book/accessories/insignia": {
    "criteria": {
      "has_the_recipe": "2025-02-16 21:32:30 +0000"
    },
    "done": true
  },
  "minecraft:adventure/adventuring_time": {
    "criteria": {
      "atmospheric:rainforest_basin": "2025-02-16 21:13:22 +0000",
      "atmospheric:rainforest": "2025-02-16 21:13:23 +0000",
      "minecraft:eroded_badlands": "2025-02-16 20:16:59 +0000",
      "atmospheric:spiny_thicket": "2025-02-16 20:03:57 +0000",
      "minecraft:wooded_badlands": "2025-02-16 19:13:08 +0000",
      "minecraft:badlands": "2025-02-16 20:15:30 +0000",
      "minecraft:beach": "2025-02-16 22:30:45 +0000",
      "atmospheric:flourishing_dunes": "2025-02-16 19:59:51 +0000",
      "minecraft:sparse_jungle": "2025-02-16 21:19:37 +0000",
      "minecraft:river": "2025-02-16 21:12:40 +0000",
      "minecraft:stony_shore": "2025-02-16 20:08:44 +0000",
      "atmospheric:rocky_dunes": "2025-02-16 19:59:41 +0000",
      "atmospheric:dunes": "2025-02-16 20:18:22 +0000",
      "minecraft:forest": "2025-02-16 22:43:07 +0000",
      "minecraft:lush_caves": "2025-02-16 19:14:20 +0000",
      "minecraft:desert": "2025-02-16 21:12:44 +0000",
      "minecraft:jungle": "2025-02-16 23:37:40 +0000",
      "atmospheric:scrubland": "2025-02-16 20:15:22 +0000",
      "minecraft:old_growth_birch_forest": "2025-02-16 22:30:42 +0000",
      "atmospheric:laurel_forest": "2025-02-16 22:30:51 +0000",
      "minecraft:deep_dark": "2025-02-16 19:50:49 +0000",
      "atmospheric:petrified_dunes": "2025-02-16 20:15:16 +0000",
      "minecraft:plains": "2025-02-16 21:12:51 +0000"
    },
    "done": false
  },
  "byg:husbandry/root": {
    "criteria": {
      "consumed_item": "2025-02-16 19:17:44 +0000"
    },
    "done": true
  },
  "comforts:hammock_blue_from_white": {
    "criteria": {
      "has_the_recipe": "2025-02-16 19:02:43 +0000"
    },
    "done": true
  },
  "comforts:sleeping_bag_gray_from_white": {
    "criteria": {
      "has_the_recipe": "2025-02-16 19:02:43 +0000"
    },
    "done": true
  },
  "undead_unleashed:undead_unleashed": {
    "criteria": {
      "undead_unleashed": "2025-02-16 19:02:43 +0000"
    },
    "done": true
  },
  "enigmaticlegacy:recipes/generic/extradimensional_eye": {
    "criteria": {
      "has_recipe_result": "2025-02-16 19:39:09 +0000"
    },
    "done": true
  },
  "enigmaticlegacy:recipes/generic/insignia": {
    "criteria": {
      "has_iron_ingot": "2025-02-16 21:32:30 +0000"
    },
    "done": true
  },
  "incendium:technical/using/ragnarok": {
    "criteria": {
      "log_spam_fixer": "2025-02-16 19:02:44 +0000"
    },
    "done": false
  },
  "enigmaticaddons:book/materials/ichor_droplet": {
    "criteria": {
      "has_items": "2025-02-16 21:58:32 +0000"
    },
    "done": true
  },
  "enigmaticlegacy:recipes/generic/monster_charm": {
    "criteria": {
      "has_items": "2025-02-16 21:23:03 +0000"
    },
    "done": true
  },
  "comforts:sleeping_bag_cyan": {
    "criteria": {
      "has_the_recipe": "2025-02-16 19:02:43 +0000"
    },
    "done": true
  },
  "dungeons_plus:adventure/find_tower": {
    "criteria": {
      "in_structure": "2025-02-16 21:21:56 +0000"
    },
    "done": true
  },
  "toms_storage:unlock_dia_pearl": {
    "criteria": {
      "inv_changed-ender_pearl": "2025-02-16 19:02:43 +0000",
      "inv_changed-diamond": "2025-02-16 19:02:43 +0000"
    },
    "done": true
  },
  "enigmaticlegacy:recipes/generic/astral_breaker": {
    "criteria": {
      "has_items": "2025-02-16 19:36:37 +0000"
    },
    "done": false
  },
  "incendium:technical/new_player": {
    "criteria": {
      "requirement": "2025-02-16 19:02:43 +0000"
    },
    "done": true
  },
  "majruszsaccessories:tool_scraps": {
    "criteria": {
      "picked_up_accessory": "2025-02-16 19:43:45 +0000"
    },
    "done": true
  },
  "enigmaticlegacy:book/materials/ender_rod": {
    "criteria": {
      "has_the_recipe": "2025-02-16 19:36:37 +0000"
    },
    "done": true
  },
  "comforts:hammock_purple_from_white": {
    "criteria": {
      "has_the_recipe": "2025-02-16 19:02:43 +0000"
    },
    "done": true
  },
  "vinery:oak_wine_rack_big": {
    "criteria": {
      "has_the_recipe": "2025-02-16 19:02:43 +0000"
    },
    "done": true
  },
  "incendium:technical/holy_wrath": {
    "criteria": {
      "log_spam_fixer": "2025-02-16 19:02:44 +0000"
    },
    "done": false
  },
  "immersive_paintings:misc/graffiti": {
    "criteria": {
      "has_item": "2025-02-16 19:21:08 +0000"
    },
    "done": true
  },
  "explorerscompass:explorers_compass": {
    "criteria": {
      "has_recipe": "2025-02-16 19:02:43 +0000",
      "has_compass": "2025-02-16 19:02:43 +0000"
    },
    "done": true
  },
  "ironfurnaces:coal": {
    "criteria": {
      "rainbowcoal": "2025-02-16 19:02:43 +0000"
    },
    "done": true
  },
  "comforts:sleeping_bag_pink_from_white": {
    "criteria": {
      "has_the_recipe": "2025-02-16 19:02:43 +0000"
    },
    "done": true
  },
  "enigmaticlegacy:recipes/generic/lore_inscriber": {
    "criteria": {
      "has_items": "2025-02-16 19:36:37 +0000"
    },
    "done": true
  },
  "minecraft:adventure/shoot_arrow": {
    "criteria": {
      "shot_arrow": "2025-02-16 22:10:25 +0000"
    },
    "done": true
  },
  "incendium:technical/give_ghastling": {
    "criteria": {
      "log_spam_fixer": "2025-02-16 19:02:44 +0000"
    },
    "done": false
  },
  "enigmaticlegacy:recipes/generic/tome_uncrafting/withered_tome": {
    "criteria": {
      "has_items": "2025-02-16 21:58:22 +0000"
    },
    "done": true
  },
  "enigmaticlegacy:recipes/generic/berserk_charm": {
    "criteria": {
      "has_items2": "2025-02-16 21:23:03 +0000"
    },
    "done": false
  },
  "enigmaticaddons:book/misc/sanguinary_handbook": {
    "criteria": {
      "has_the_recipe": "2025-02-16 19:02:43 +0000"
    },
    "done": true
  },
  "comforts:sleeping_bag_yellow_from_white": {
    "criteria": {
      "has_the_recipe": "2025-02-16 19:02:43 +0000"
    },
    "done": true
  },
  "incendium:technical/on_kill": {
    "criteria": {
      "log_spam_fixer": "2025-02-16 19:02:44 +0000"
    },
    "done": false
  },
  "vinery:cherry_wood": {
    "criteria": {
      "has_the_recipe": "2025-02-16 19:02:43 +0000"
    },
    "done": true
  },
  "incendium:technical/on_player_hurt": {
    "criteria": {
      "requirement": "2025-02-16 19:14:21 +0000",
      "log_spam_fixer": "2025-02-16 19:02:44 +0000"
    },
    "done": true
  },
  "enigmaticlegacy:book/misc/animal_guidebook": {
    "criteria": {
      "has_the_recipe": "2025-02-16 19:25:20 +0000"
    },
    "done": true
  },
  "enigmaticaddons:book/accessories/quartz_ring": {
    "criteria": {
      "has_the_recipe": "2025-02-16 19:02:43 +0000"
    },
    "done": true
  },
  "vinery:cherry_button": {
    "criteria": {
      "has_the_recipe": "2025-02-16 19:02:43 +0000"
    },
    "done": true
  },
  "dungeons_arise:wda_root": {
    "criteria": {
      "WDA": "2025-02-16 19:02:43 +0000"
    },
    "done": true
  },
  "vinery:coarse_dirt_slab": {
    "criteria": {
      "has_the_recipe": "2025-02-16 19:02:43 +0000"
    },
    "done": true
  },
  "vinery:campfire": {
    "criteria": {
      "has_the_recipe": "2025-02-16 19:02:43 +0000"
    },
    "done": true
  },
  "farmersdelight:main/craft_knife": {
    "criteria": {
      "golden_knife": "2025-02-16 19:43:38 +0000"
    },
    "done": true
  },
  "immersive_armors:recipes/misc/robe": {
    "criteria": {
      "has_item": "2025-02-16 22:02:39 +0000"
    },
    "done": true
  },
  "comforts:hammock_green_from_white": {
    "criteria": {
      "has_the_recipe": "2025-02-16 19:02:43 +0000"
    },
    "done": true
  },
  "comforts:hammock_orange": {
    "criteria": {
      "has_the_recipe": "2025-02-16 19:02:43 +0000"
    },
    "done": true
  },
  "enigmaticaddons:book/accessories/forger_gem": {
    "criteria": {
      "has_items": "2025-02-16 19:25:04 +0000"
    },
    "done": true
  },
  "lootr:50loot": {
    "criteria": {
      "loot_stat": "2025-02-16 19:58:38 +0000"
    },
    "done": true
  },
  "comforts:hammock_pink": {
    "criteria": {
      "has_the_recipe": "2025-02-16 19:02:43 +0000"
    },
    "done": true
  },
  "comforts:sleeping_bag_magenta": {
    "criteria": {
      "has_the_recipe": "2025-02-16 19:02:43 +0000"
    },
    "done": true
  },
  "dungeons_arise:find_mushroom_mines": {
    "criteria": {
      "location0": "2025-02-16 22:49:48 +0000"
    },
    "done": true
  },
  "enigmaticaddons:book/misc/ode_to_living": {
    "criteria": {
      "has_the_recipe": "2025-02-16 19:02:43 +0000"
    },
    "done": true
  },
  "enigmaticlegacy:book/brewing/advanced_brewing": {
    "criteria": {
      "has_items": "2025-02-16 19:36:37 +0000"
    },
    "done": true
  },
  "comforts:sleeping_bag_cyan_from_white": {
    "criteria": {
      "has_the_recipe": "2025-02-16 19:02:43 +0000"
    },
    "done": true
  },
  "atmospheric:adventure/dunes_pricks": {
    "criteria": {
      "yucca_flower": "2025-02-16 20:21:36 +0000"
    },
    "done": false
  },
  "lootr:100loot": {
    "criteria": {
      "loot_stat": "2025-02-16 20:57:04 +0000"
    },
    "done": true
  },
  "enigmaticlegacy:book/misc/extradimensional_eye": {
    "criteria": {
      "has_the_recipe": "2025-02-16 19:39:09 +0000"
    },
    "done": true
  },
  "majruszsaccessories:certificate_of_taming": {
    "criteria": {
      "picked_up_accessory": "2025-02-16 20:13:11 +0000"
    },
    "done": true
  },
  "enigmaticlegacy:book/relics/golem_heart": {
    "criteria": {
      "has_items": "2025-02-16 19:18:06 +0000"
    },
    "done": true
  },
  "vinery:grapevine_pot": {
    "criteria": {
      "has_the_recipe": "2025-02-16 19:02:43 +0000"
    },
    "done": true
  },
  "enigmaticlegacy:main/astral_dust": {
    "criteria": {
      "etherium": "2025-02-16 19:36:37 +0000"
    },
    "done": true
  },
  "comforts:hammock_brown": {
    "criteria": {
      "has_the_recipe": "2025-02-16 19:02:43 +0000"
    },
    "done": true
  },
  "enigmaticlegacy:recipes/generic/animal_guidebook": {
    "criteria": {
      "has_items": "2025-02-16 19:25:20 +0000"
    },
    "done": true
  },
  "enigmaticlegacy:main/root": {
    "criteria": {
      "flower": "2025-02-16 19:02:43 +0000"
    },
    "done": true
  },
  "enigmaticaddons:book/misc/bless_amplifier": {
    "criteria": {
      "has_the_recipe": "2025-02-16 19:02:43 +0000"
    },
    "done": true
  },
  "immersive_armors:recipes/misc/warrior": {
    "criteria": {
      "has_item": "2025-02-16 19:13:29 +0000"
    },
    "done": true
  },
  "comforts:hammock_green": {
    "criteria": {
      "has_the_recipe": "2025-02-16 19:02:43 +0000"
    },
    "done": true
  },
  "minecraft:story/smelt_iron": {
    "criteria": {
      "iron": "2025-02-16 19:13:21 +0000"
    },
    "done": true
  },
  "meetyourfight:main/root": {
    "criteria": {
      "killed_something": "2025-02-16 19:24:09 +0000"
    },
    "done": true
  },
  "majruszsaccessories:adventurer_kit": {
    "criteria": {
      "picked_up_accessory": "2025-02-16 19:39:15 +0000"
    },
    "done": true
  },
  "enigmaticaddons:book/tools/dragon_bow": {
    "criteria": {
      "has_the_recipe": "2025-02-16 19:02:43 +0000"
    },
    "done": true
  },
  "repurposed_structures:root": {
    "criteria": {
      "always": "2025-02-16 19:02:43 +0000"
    },
    "done": true
  },
  "vinery:cherry_fence_gate": {
    "criteria": {
      "has_the_recipe": "2025-02-16 19:02:43 +0000"
    },
    "done": true
  },
  "DataVersion": 3120
}